countryname;Year;gdp_capita_growth
Austria;1970;6,749434568
Bulgaria;1970;..
Croatia;1970;..
Czechia;1970;..
Denmark;1970;1,093501031
Estonia;1970;..
Finland;1970;7,878214458
Germany;1970;4,75408787
Greece;1970;8,682287635
Ireland;1970;1,806543662
Italy;1970;4,755009601
Latvia;1970;..
Luxembourg;1970;1,258591295
Netherlands;1970;4,8332888
Norway;1970;1,205350007
Poland;1970;..
Portugal;1970;10,08518348
Romania;1970;..
Slovenia;1970;..
Spain;1970;3,093598922
Sweden;1970;5,484382897
Switzerland;1970;5,611701132
Austria;1971;4,6469427
Bulgaria;1971;..
Croatia;1971;..
Czechia;1971;..
Denmark;1971;2,46332869
Estonia;1971;..
Finland;1971;2,227822153
Germany;1971;2,943650202
Greece;1971;7,374327394
Ireland;1971;2,266448137
Italy;1971;1,344280411
Latvia;1971;..
Luxembourg;1971;1,692794199
Netherlands;1971;3,083858448
Norway;1971;4,935121661
Poland;1971;..
Portugal;1971;7,08408511
Romania;1971;..
Slovenia;1971;..
Spain;1971;3,395926826
Sweden;1971;0,252434842
Switzerland;1971;3,530693654
Austria;1972;5,592381549
Bulgaria;1972;..
Croatia;1972;..
Czechia;1972;..
Denmark;1972;3,205579566
Estonia;1972;..
Finland;1972;7,096154205
Germany;1972;3,802475978
Greece;1972;9,446391716
Ireland;1972;4,918854894
Italy;1972;3,103489763
Latvia;1972;..
Luxembourg;1972;5,312930528
Netherlands;1972;2,492243429
Norway;1972;4,52810591
Poland;1972;..
Portugal;1972;8,182480165
Romania;1972;..
Slovenia;1972;..
Spain;1972;6,962193213
Sweden;1972;1,986921324
Switzerland;1972;2,416617683
Austria;1973;4,310906421
Bulgaria;1973;..
Croatia;1973;..
Czechia;1973;..
Denmark;1973;4,088385163
Estonia;1973;..
Finland;1973;6,37797919
Germany;1973;4,44801723
Greece;1973;7,60260826
Ireland;1973;3,055225822
Italy;1973;6,401805873
Latvia;1973;..
Luxembourg;1973;7,122759097
Netherlands;1973;4,575448872
Norway;1973;3,804272512
Poland;1973;..
Portugal;1973;11,1662791
Romania;1973;..
Slovenia;1973;..
Spain;1973;6,604025726
Sweden;1973;3,788932046
Switzerland;1973;2,291967978
Austria;1974;3,765372668
Bulgaria;1974;..
Croatia;1974;..
Czechia;1974;..
Denmark;1974;-1,424300006
Estonia;1974;..
Finland;1974;2,697458604
Germany;1974;0,850760327
Greece;1974;-6,782085976
Ireland;1974;2,547204452
Italy;1974;4,812013918
Latvia;1974;..
Luxembourg;1974;2,862306114
Netherlands;1974;2,631265334
Norway;1974;3,279496571
Poland;1974;..
Portugal;1974;-0,25816482
Romania;1974;..
Slovenia;1974;..
Spain;1974;4,471068353
Sweden;1974;2,89918479
Switzerland;1974;0,910020699
Austria;1975;-0,09902994
Bulgaria;1975;..
Croatia;1975;..
Czechia;1975;..
Denmark;1975;-1,693694805
Estonia;1975;..
Finland;1975;1,354023962
Germany;1975;-0,496434266
Greece;1975;5,373056669
Ireland;1975;3,932444554
Italy;1975;-2,673183962
Latvia;1975;..
Luxembourg;1975;-7,586477105
Netherlands;1975;-0,885418039
Norway;1975;4,374479462
Poland;1975;..
Portugal;1975;-7,914608017
Romania;1975;..
Slovenia;1975;..
Spain;1975;-0,53909653
Sweden;1975;2,14625326
Switzerland;1975;-7,242613143
Austria;1976;4,76336941
Bulgaria;1976;..
Croatia;1976;..
Czechia;1976;..
Denmark;1976;5,727321272
Estonia;1976;..
Finland;1976;0,042351608
Germany;1976;5,400212137
Greece;1976;5,205082475
Ireland;1976;-0,123899391
Italy;1976;6,592319745
Latvia;1976;..
Luxembourg;1976;2,028101742
Netherlands;1976;3,639544379
Norway;1976;5,330359503
Poland;1976;..
Portugal;1976;3,902713757
Romania;1976;..
Slovenia;1976;..
Spain;1976;2,217772419
Sweden;1976;0,6912381
Switzerland;1976;-0,838489875
Austria;1977;5,039648002
Bulgaria;1977;..
Croatia;1977;..
Czechia;1977;..
Denmark;1977;1,668295263
Estonia;1977;..
Finland;1977;-0,040505309
Germany;1977;3,581437071
Greece;1977;1,610301857
Ireland;1977;6,755711843
Italy;1977;2,1258275
Latvia;1977;..
Luxembourg;1977;1,393535558
Netherlands;1977;1,912636046
Norway;1977;3,72139689
Poland;1977;..
Portugal;1977;4,487287897
Romania;1977;..
Slovenia;1977;..
Spain;1977;1,785657018
Sweden;1977;-1,945127155
Switzerland;1977;2,781502643
Austria;1978;-0,129830682
Bulgaria;1978;..
Croatia;1978;..
Czechia;1978;..
Denmark;1978;2,099383892
Estonia;1978;..
Finland;1978;2,624625752
Germany;1978;3,098181684
Greece;1978;5,865271999
Ireland;1978;5,67669396
Italy;1978;2,872936351
Latvia;1978;..
Luxembourg;1978;3,888388213
Netherlands;1978;2,066333237
Norway;1978;3,473549143
Poland;1978;..
Portugal;1978;1,712588649
Romania;1978;..
Slovenia;1978;..
Spain;1978;0,490728455
Sweden;1978;1,455733698
Switzerland;1978;0,400068397
Austria;1979;5,536448272
Bulgaria;1979;..
Croatia;1979;..
Czechia;1979;..
Denmark;1979;3,798026767
Estonia;1979;..
Finland;1979;6,848495239
Germany;1979;4,104331304
Greece;1979;2,002458197
Ireland;1979;1,708913256
Italy;1979;5,653224054
Latvia;1979;..
Luxembourg;1979;2,106146124
Netherlands;1979;1,312405128
Norway;1979;4,017654223
Poland;1979;..
Portugal;1979;4,512543705
Romania;1979;..
Slovenia;1979;..
Spain;1979;-0,836528228
Sweden;1979;3,613647589
Switzerland;1979;2,285906184
Austria;1980;1,731377396
Bulgaria;1980;..
Croatia;1980;..
Czechia;1980;..
Denmark;1980;-0,872046493
Estonia;1980;..
Finland;1980;5,061714035
Germany;1980;1,198693951
Greece;1980;-0,306899606
Ireland;1980;1,899873485
Italy;1980;3,217170118
Latvia;1980;..
Luxembourg;1980;0,482546852
Netherlands;1980;0,54312812
Norway;1980;4,228894798
Poland;1980;..
Portugal;1980;3,464370886
Romania;1980;..
Slovenia;1980;..
Spain;1980;1,391315587
Sweden;1980;1,493733141
Switzerland;1980;4,1874532
Austria;1981;-0,398619994
Bulgaria;1981;4,551144229
Croatia;1981;..
Czechia;1981;..
Denmark;1981;-0,712787692
Estonia;1981;..
Finland;1981;0,858289318
Germany;1981;0,376242526
Greece;1981;-2,432460786
Ireland;1981;2,122297349
Italy;1981;0,723232432
Latvia;1981;..
Luxembourg;1981;-0,843672948
Netherlands;1981;-1,461952876
Norway;1981;1,249365417
Poland;1981;..
Portugal;1981;0,74080148
Romania;1981;..
Slovenia;1981;..
Spain;1981;-0,839887615
Sweden;1981;0,334436788
Switzerland;1981;1,047028065
Austria;1982;1,938120992
Bulgaria;1982;2,032294164
Croatia;1982;..
Czechia;1982;..
Denmark;1982;3,968481519
Estonia;1982;..
Finland;1982;2,510749921
Germany;1982;-0,300057811
Greece;1982;-1,740252903
Ireland;1982;1,321021772
Italy;1982;0,33922494
Latvia;1982;..
Luxembourg;1982;1,048300708
Netherlands;1982;-1,692590418
Norway;1982;-0,132144909
Poland;1982;..
Portugal;1982;1,512893772
Romania;1982;..
Slovenia;1982;..
Spain;1982;0,640409212
Sweden;1982;1,190775395
Switzerland;1982;-1,884376958
Austria;1983;3,139627969
Bulgaria;1983;3,172520882
Croatia;1983;..
Czechia;1983;..
Denmark;1983;2,725317312
Estonia;1983;..
Finland;1983;2,491186008
Germany;1983;1,839034129
Greece;1983;-1,652402043
Ireland;1983;-0,949007586
Italy;1983;1,132491149
Latvia;1983;..
Luxembourg;1983;2,961752859
Netherlands;1983;1,683618894
Norway;1983;3,629363189
Poland;1983;..
Portugal;1983;-0,635202474
Romania;1983;..
Slovenia;1983;..
Spain;1983;1,275514484
Sweden;1983;1,854515015
Switzerland;1983;0,208475193
Austria;1984;0,057573654
Bulgaria;1984;3,154807366
Croatia;1984;..
Czechia;1984;..
Denmark;1984;4,394008879
Estonia;1984;..
Finland;1984;2,676420043
Germany;1984;3,178987231
Greece;1984;1,503672022
Ireland;1984;3,70968036
Italy;1984;3,202783027
Latvia;1984;..
Luxembourg;1984;6,077848195
Netherlands;1984;2,653403826
Norway;1984;5,753520607
Poland;1984;..
Portugal;1984;-2,256578714
Romania;1984;..
Slovenia;1984;..
Spain;1984;1,362897273
Sweden;1984;4,134865327
Switzerland;1984;2,639204433
Austria;1985;2,450565488
Bulgaria;1985;2,684953395
Croatia;1985;..
Czechia;1985;..
Denmark;1985;4,110882379
Estonia;1985;..
Finland;1985;3,109120509
Germany;1985;2,556883601
Greece;1985;2,112294732
Ireland;1985;2,920734574
Italy;1985;2,768381433
Latvia;1985;..
Luxembourg;1985;2,593244318
Netherlands;1985;2,102934803
Norway;1985;5,237775403
Poland;1985;..
Portugal;1985;2,526606134
Romania;1985;..
Slovenia;1985;..
Spain;1985;1,951329169
Sweden;1985;1,991774093
Switzerland;1985;3,216945053
Austria;1986;2,236402092
Bulgaria;1986;4,235241268
Croatia;1986;..
Czechia;1986;..
Denmark;1986;4,593442055
Estonia;1986;..
Finland;1986;2,421897548
Germany;1986;2,240535026
Greece;1986;0,185738207
Ireland;1986;-0,473564297
Italy;1986;2,854366893
Latvia;1986;..
Luxembourg;1986;9,49157849
Netherlands;1986;2,21813146
Norway;1986;3,671666895
Poland;1986;..
Portugal;1986;4,046278693
Romania;1986;..
Slovenia;1986;..
Spain;1986;2,945279317
Sweden;1986;2,452772613
Switzerland;1986;1,329945751
Austria;1987;1,293045147
Bulgaria;1987;5,898612494
Croatia;1987;..
Czechia;1987;..
Denmark;1987;0,335785661
Estonia;1987;..
Finland;1987;3,267722184
Germany;1987;1,246499647
Greece;1987;-2,585123681
Ireland;1987;4,652241207
Italy;1987;3,181430302
Latvia;1987;..
Luxembourg;1987;3,279463856
Netherlands;1987;1,286515055
Norway;1987;1,278353029
Poland;1987;..
Portugal;1987;6,410062829
Romania;1987;..
Slovenia;1987;..
Spain;1987;5,273762923
Sweden;1987;3,009547765
Switzerland;1987;0,94940372
Austria;1988;3,14974678
Bulgaria;1988;10,82009085
Croatia;1988;..
Czechia;1988;..
Denmark;1988;0,224236935
Estonia;1988;..
Finland;1988;4,925661578
Germany;1988;3,30286371
Greece;1988;3,909777486
Ireland;1988;5,668378546
Italy;1988;4,144042136
Latvia;1988;..
Luxembourg;1988;7,679106042
Netherlands;1988;2,775043521
Norway;1988;-0,79023674
Poland;1988;..
Portugal;1988;7,60090312
Romania;1988;..
Slovenia;1988;..
Spain;1988;4,871692177
Sweden;1988;2,088760557
Switzerland;1988;2,521346921
Austria;1989;3,420101758
Bulgaria;1989;-2,151690705
Croatia;1989;..
Czechia;1989;..
Denmark;1989;0,636785449
Estonia;1989;..
Finland;1989;4,705240845
Germany;1989;3,096180026
Greece;1989;3,259729404
Ireland;1989;6,234039532
Italy;1989;3,310861982
Latvia;1989;..
Luxembourg;1989;8,735315587
Netherlands;1989;3,79556933
Norway;1989;0,622018549
Poland;1989;..
Portugal;1989;6,596070999
Romania;1989;..
Slovenia;1989;..
Spain;1989;4,662815168
Sweden;1989;1,972191234
Switzerland;1989;3,490643162
Austria;1990;3,553547936
Bulgaria;1990;-7,463207654
Croatia;1990;..
Czechia;1990;..
Denmark;1990;1,495248285
Estonia;1990;..
Finland;1990;0,246189629
Germany;1990;4,351639089
Greece;1990;-1,052232898
Ireland;1990;8,375006916
Italy;1990;1,900439794
Latvia;1990;..
Luxembourg;1990;4,009810209
Netherlands;1990;3,46827762
Norway;1990;1,582092859
Poland;1990;..
Portugal;1990;4,177328824
Romania;1990;..
Slovenia;1990;..
Spain;1990;3,67576788
Sweden;1990;-0,020759183
Switzerland;1990;2,615466199
Austria;1991;2,413985952
Bulgaria;1991;-7,534068849
Croatia;1991;-19,60190001
Czechia;1991;-11,40250601
Denmark;1991;1,195218951
Estonia;1991;-7,536694459
Finland;1991;-6,393248756
Germany;1991;4,34522002
Greece;1991;1,869834535
Ireland;1991;1,345298466
Italy;1991;1,468175612
Latvia;1991;-12,18071717
Luxembourg;1991;7,198406194
Netherlands;1991;1,635054635
Norway;1991;2,594405978
Poland;1991;-7,344790996
Portugal;1991;4,609033783
Romania;1991;-12,15844134
Slovenia;1991;-8,957881756
Spain;1991;2,285324702
Sweden;1991;-1,817515151
Switzerland;1991;-2,146489921
Austria;1992;0,976092574
Bulgaria;1992;-6,271263865
Croatia;1992;-9,529110784
Czechia;1992;-0,608213629
Denmark;1992;1,686008158
Estonia;1992;-19,71743315
Finland;1992;-3,853152691
Germany;1992;1,241463921
Greece;1992;-0,066299438
Ireland;1992;2,640607881
Italy;1992;0,765807623
Latvia;1992;-31,17751898
Luxembourg;1992;0,476077004
Netherlands;1992;0,94001509
Norway;1992;2,97836952
Poland;1992;2,201065853
Portugal;1992;1,168103222
Romania;1992;-7,939239528
Slovenia;1992;-5,324911813
Spain;1992;0,436115057
Sweden;1992;-1,736630347
Switzerland;1992;-1,13971907
Austria;1993;-0,298754153
Bulgaria;1993;-0,691213558
Croatia;1993;-8,518295407
Czechia;1993;-0,042053127
Denmark;1993;-0,411249987
Estonia;1993;-3,282449713
Finland;1993;-1,258736784
Germany;1993;-1,622161393
Greece;1993;-2,177150761
Ireland;1993;2,180590253
Italy;1993;-0,913401742
Latvia;1993;-3,090712934
Luxembourg;1993;2,811221308
Netherlands;1993;0,554249588
Norway;1993;2,234836322
Poland;1993;3,47468276
Portugal;1993;-2,163021408
Romania;1993;1,66711861
Slovenia;1993;3,088787914
Spain;1993;-1,543358289
Sweden;1993;-2,632808471
Switzerland;1993;-1,031422365
Austria;1994;2,008761593
Bulgaria;1994;2,164358868
Croatia;1994;4,697052686
Czechia;1994;2,872143539
Denmark;1994;4,939707934
Estonia;1994;0,483692726
Finland;1994;3,517199794
Germany;1994;2,242334879
Greece;1994;1,490558966
Ireland;1994;5,339771666
Italy;1994;2,130215502
Latvia;1994;3,914791352
Luxembourg;1994;2,416629037
Netherlands;1994;2,342168186
Norway;1994;4,458801353
Poland;1994;5,070855523
Portugal;1994;0,69351802
Romania;1994;4,083147899
Slovenia;1994;5,44941394
Spain;1994;1,896906993
Sweden;1994;3,279030731
Switzerland;1994;0,465686404
Austria;1995;2,510912592
Bulgaria;1995;3,321186766
Croatia;1995;7,497786278
Czechia;1995;6,286554611
Denmark;1995;2,50262821
Estonia;1995;6,409660007
Finland;1995;3,837309463
Germany;1995;1,207514851
Greece;1995;1,623825737
Ireland;1995;9,073771069
Italy;1995;2,885202335
Latvia;1995;0,477696353
Luxembourg;1995;0,017299922
Netherlands;1995;2,607973439
Norway;1995;3,61629501
Poland;1995;7,783275673
Portugal;1995;3,922373788
Romania;1995;6,448659414
Slovenia;1995;4,084713711
Spain;1995;2,304956975
Sweden;1995;3,549496646
Switzerland;1995;-0,188350744
Austria;1996;2,077849004
Bulgaria;1996;5,749369438
Croatia;1996;7,574334087
Czechia;1996;4,289887602
Denmark;1996;2,315081134
Estonia;1996;6,502787815
Finland;1996;3,323161929
Germany;1996;0,746098631
Greece;1996;0,936690434
Ireland;1996;6,533310502
Italy;1996;1,317106196
Latvia;1996;3,458749898
Luxembourg;1996;0,027251338
Netherlands;1996;2,944498363
Norway;1996;4,496943713
Poland;1996;6,013198116
Portugal;1996;3,115916891
Romania;1996;4,207522544
Slovenia;1996;2,977997223
Spain;1996;2,180923915
Sweden;1996;1,543089762
Switzerland;1996;0,028540639
Austria;1997;2,03015212
Bulgaria;1997;-13,59092238
Croatia;1997;6,687181292
Czechia;1997;-0,488660003
Denmark;1997;2,74063897
Estonia;1997;14,34720493
Finland;1997;6,081767933
Germany;1997;1,705899111
Greece;1997;3,09310254
Ireland;1997;9,913983476
Italy;1997;1,871809702
Latvia;1997;10,26510624
Luxembourg;1997;4,106640711
Netherlands;1997;3,713221701
Norway;1997;4,715277371
Poland;1997;6,289311515
Portugal;1997;3,935797399
Romania;1997;-4,57473043
Slovenia;1997;5,312842619
Spain;1997;3,154053715
Sweden;1997;3,00587082
Switzerland;1997;2,015283161
Austria;1998;3,379381517
Bulgaria;1998;4,484023771
Croatia;1998;2,314511577
Czechia;1998;-0,298733223
Denmark;1998;1,955365941
Estonia;1998;5,346912266
Finland;1998;5,174688616
Germany;1998;2,080701493
Greece;1998;2,865261522
Ireland;1998;7,637508057
Italy;1998;1,775084281
Latvia;1998;7,55943097
Luxembourg;1998;5,355837386
Netherlands;1998;4,004469195
Norway;1998;2,059202909
Poland;1998;4,584212344
Portugal;1998;4,279611481
Romania;1998;-1,826823974
Slovenia;1998;3,288868092
Spain;1998;3,871218257
Sweden;1998;4,187872416
Switzerland;1998;2,724284656
Austria;1999;3,560238251
Bulgaria;1999;-7,881073177
Croatia;1999;-0,419403115
Czechia;1999;1,481997833
Denmark;1999;2,627163777
Estonia;1999;-0,717827569
Finland;1999;4,147257296
Germany;1999;2,064126644
Greece;1999;2,265872734
Ireland;1999;9,290878857
Italy;1999;1,660889926
Latvia;1999;3,65871994
Luxembourg;1999;6,723966803
Netherlands;1999;4,346586273
Norway;1999;1,375486802
Poland;1999;4,707878067
Portugal;1999;3,320509064
Romania;1999;-0,220150555
Slovenia;1999;5,192843773
Spain;1999;3,986528831
Sweden;1999;4,119904342
Switzerland;1999;1,179005936
Austria;2000;2,941684391
Bulgaria;2000;5,105055789
Croatia;2000;3,965765929
Czechia;2000;4,302739521
Denmark;2000;3,377907183
Estonia;2000;9,556419015
Finland;2000;5,534413959
Germany;2000;2,738011952
Greece;2000;3,712729823
Ireland;2000;7,954806406
Italy;2000;3,835047138
Latvia;2000;6,866202088
Luxembourg;2000;5,510409395
Netherlands;2000;3,47747777
Norway;2000;2,650530907
Poland;2000;5,755022677
Portugal;2000;3,089053552
Romania;2000;2,593928181
Slovenia;2000;3,191938222
Spain;2000;4,73130026
Sweden;2000;4,46323889
Switzerland;2000;3,376157295
Austria;2001;0,929888174
Bulgaria;2001;5,911160323
Croatia;2001;7,155929966
Czechia;2001;3,304627146
Denmark;2001;0,588959763
Estonia;2001;6,55732351
Finland;2001;2,406829123
Germany;2001;1,465706308
Greece;2001;4,107764675
Ireland;2001;3,642469993
Italy;2001;1,949154819
Latvia;2001;7,844414886
Luxembourg;2001;1,854574681
Netherlands;2001;1,554104094
Norway;2001;1,551927584
Poland;2001;1,261675976
Portugal;2001;1,227263281
Romania;2001;6,696722599
Slovenia;2001;2,666860225
Spain;2001;3,200316831
Sweden;2001;1,0890081
Switzerland;2001;0,934949653
Austria;2002;0,986311884
Bulgaria;2002;8,195216445
Croatia;2002;5,741059062
Czechia;2002;1,709469581
Denmark;2002;0,136096455
Estonia;2002;7,612499711
Finland;2002;1,441153953
Germany;2002;-0,395913781
Greece;2002;4,300106546
Ireland;2002;4,129756702
Italy;2002;0,120722346
Latvia;2002;8,923682993
Luxembourg;2002;2,149609899
Netherlands;2002;-0,392036887
Norway;2002;0,832308717
Poland;2002;1,948404863
Portugal;2002;0,220543339
Romania;2002;7,655869434
Slovenia;2002;3,154679658
Spain;2002;1,314141243
Sweden;2002;1,945361697
Switzerland;2002;-0,826280428
Austria;2003;0,650068265
Bulgaria;2003;6,074061736
Croatia;2003;5,538321714
Czechia;2003;3,330406372
Denmark;2003;0,168251981
Estonia;2003;8,273723584
Finland;2003;1,768834943
Germany;2003;-0,58498367
Greece;2003;5,544647157
Ireland;2003;1,349387184
Italy;2003;-0,377262168
Latvia;2003;9,48207451
Luxembourg;2003;1,379893359
Netherlands;2003;-0,373331355
Norway;2003;0,354567463
Poland;2003;3,593265477
Portugal;2003;-1,30174198
Romania;2003;3,081963843
Slovenia;2003;3,132826585
Spain;2003;1,09441165
Sweden;2003;1,502556729
Switzerland;2003;-0,771333169
Austria;2004;1,930896642
Bulgaria;2004;7,317404312
Croatia;2004;4,141420906
Czechia;2004;4,704468209
Denmark;2004;2,511087487
Estonia;2004;7,441083902
Finland;2004;3,703837468
Germany;2004;1,184332726
Greece;2004;5,117469446
Ireland;2004;4,853456271
Italy;2004;0,819419873
Latvia;2004;9,918171139
Luxembourg;2004;2,760888181
Netherlands;2004;1,662443578
Norway;2004;3,401746154
Poland;2004;5,152304957
Portugal;2004;1,54562008
Romania;2004;11,05911322
Slovenia;2004;4,479062333
Spain;2004;1,350586856
Sweden;2004;3,770598044
Switzerland;2004;1,998132056
Austria;2005;1,625659219
Bulgaria;2005;7,865501921
Croatia;2005;4,192859775
Czechia;2005;6,22798628
Denmark;2005;2,078014856
Estonia;2005;10,15160652
Finland;2005;2,426156625
Germany;2005;0,942994646
Greece;2005;0,887221046
Ireland;2005;3,460941259
Italy;2005;0,26848974
Latvia;2005;12,82793965
Luxembourg;2005;0,926765761
Netherlands;2005;1,795825806
Norway;2005;1,988138461
Poland;2005;3,306214772
Portugal;2005;0,595038261
Romania;2005;5,316506112
Slovenia;2005;3,674397888
Spain;2005;1,81657726
Sweden;2005;2,382883999
Switzerland;2005;2,093586607
Austria;2006;2,759623791
Bulgaria;2006;7,616849232
Croatia;2006;5,056750368
Czechia;2006;6,334832675
Denmark;2006;3,475859871
Estonia;2006;10,41170341
Finland;2006;3,621134935
Germany;2006;3,972948918
Greece;2006;6,124193952
Ireland;2006;2,195190539
Italy;2006;1,493971054
Latvia;2006;13,86469251
Luxembourg;2006;4,339108315
Netherlands;2006;3,371213516
Norway;2006;1,639570085
Poland;2006;6,269429324
Portugal;2006;1,441936874
Romania;2006;8,670675853
Slovenia;2006;5,571352596
Spain;2006;2,299515064
Sweden;2006;4,088865874
Switzerland;2006;3,42255066
Austria;2007;3,439385421
Bulgaria;2007;7,441488627
Croatia;2007;5,071844693
Czechia;2007;4,875046712
Denmark;2007;0,540321505
Estonia;2007;8,062765331
Finland;2007;4,865721387
Germany;2007;3,0277824
Greece;2007;3,243514188
Ireland;2007;2,309229709
Italy;2007;0,95126599
Latvia;2007;11,31940127
Luxembourg;2007;6,442031366
Netherlands;2007;3,659579118
Norway;2007;1,854643317
Poland;2007;6,818439881
Portugal;2007;2,305552182
Romania;2007;8,829648237
Slovenia;2007;6,541772872
Spain;2007;1,634639798
Sweden;2007;2,462275559
Switzerland;2007;2,991822023
Austria;2008;1,136211288
Bulgaria;2008;6,877126917
Croatia;2008;1,980704128
Czechia;2008;1,76470871
Denmark;2008;-1,000559399
Estonia;2008;-4,870580322
Finland;2008;0,316320509
Germany;2008;1,10245964
Greece;2008;-0,207784595
Ireland;2008;-6,411645125
Italy;2008;-1,676662664
Latvia;2008;-2,368035285
Luxembourg;2008;-2,066473902
Netherlands;2008;1,720055576
Norway;2008;-0,762647958
Poland;2008;4,369536452
Portugal;2008;0,174699793
Romania;2008;11,1442089
Slovenia;2008;3,2088935
Spain;2008;-0,827648451
Sweden;2008;-1,691966277
Switzerland;2008;1,509950794
Austria;2009;-3,83849313
Bulgaria;2009;-2,722414675
Croatia;2009;-6,716033776
Czechia;2009;-5,339174
Denmark;2009;-5,481582828
Estonia;2009;-14,46549591
Finland;2009;-8,514604399
Germany;2009;-5,305528183
Greece;2009;-4,371136224
Ireland;2009;-6,054810491
Italy;2009;-5,735615123
Latvia;2009;-14,64231217
Luxembourg;2009;-5,014263013
Netherlands;2009;-4,159453177
Norway;2009;-3,169256285
Poland;2009;2,545616825
Portugal;2009;-3,214388671
Romania;2009;-4,726288594
Slovenia;2009;-8,422089967
Spain;2009;-4,616729632
Sweden;2009;-5,067760297
Switzerland;2009;-3,51055886
Austria;2010;1,564533617
Bulgaria;2010;2,2260788
Croatia;2010;-1,110032234
Czechia;2010;2,415829505
Denmark;2010;1,132669372
Estonia;2010;2,683657351
Finland;2010;2,697376463
Germany;2010;4,306441053
Greece;2010;-5,815205229
Ireland;2010;1,130424454
Italy;2010;1,217290943
Latvia;2010;-1,635144286
Luxembourg;2010;1,88354731
Netherlands;2010;0,800960564
Norway;2010;-0,460631256
Poland;2010;3,464008539
Portugal;2010;1,69092745
Romania;2010;-3,333352914
Slovenia;2010;0,672168133
Spain;2010;-0,365660085
Sweden;2010;4,85301685
Switzerland;2010;2,173638164
Austria;2011;2,581103225
Bulgaria;2011;2,746910336
Croatia;2011;0,247771415
Czechia;2011;1,562186175
Denmark;2011;0,894526423
Estonia;2011;7,934149302
Finland;2011;1,916853554
Germany;2011;5,699283136
Greece;2011;-9,743341895
Ireland;2011;1,206476681
Italy;2011;0,522437618
Latvia;2011;4,929581087
Luxembourg;2011;-1,176797867
Netherlands;2011;1,299750382
Norway;2011;-0,197405953
Poland;2011;5,198882223
Portugal;2011;-1,568856596
Romania;2011;5,010833714
Slovenia;2011;0,446562675
Spain;2011;-0,992358659
Sweden;2011;2,387802153
Switzerland;2011;0,68733987
Austria;2012;0,170488634
Bulgaria;2012;1,334066095
Croatia;2012;-1,789055057
Czechia;2012;-0,909418374
Denmark;2012;-0,380977142
Estonia;2012;4,043774303
Finland;2012;-1,990290984
Germany;2012;0,285850062
Greece;2012;-7,83408918
Ireland;2012;-0,820120249
Italy;2012;-3,386004634
Latvia;2012;8,644499468
Luxembourg;2012;-0,76218341
Netherlands;2012;-1,343636188
Norway;2012;1,377640901
Poland;2012;1,512024367
Portugal;2012;-3,661114464
Romania;2012;2,358280667
Slovenia;2012;-3,119225598
Spain;2012;-2,928158964
Sweden;2012;-1,148444728
Switzerland;2012;0,110596604
Austria;2013;-0,836906917
Bulgaria;2013;0,015418555
Croatia;2013;0,498388391
Czechia;2013;-0,074962986
Denmark;2013;0,970845948
Estonia;2013;2,119282819
Finland;2013;-1,434901579
Germany;2013;0,112643825
Greece;2013;-1,56089622
Ireland;2013;1,655490762
Italy;2013;-2,949628964
Latvia;2013;3,195452572
Luxembourg;2013;0,814652309
Netherlands;2013;-0,324530075
Norway;2013;-0,197883222
Poland;2013;0,745031977
Portugal;2013;-0,439198573
Romania;2013;0,651822267
Slovenia;2013;-0,958294077
Spain;2013;-1,103800294
Sweden;2013;0,284348029
Switzerland;2013;0,628360675
Austria;2014;-0,028580322
Bulgaria;2014;1,524868578
Croatia;2014;0,207889837
Czechia;2014;2,137627541
Denmark;2014;0,765766117
Estonia;2014;3,594113556
Finland;2014;-0,888801526
Germany;2014;1,744463973
Greece;2014;1,465856528
Ireland;2014;8,539699968
Italy;2014;-0,914682837
Latvia;2014;3,06097364
Luxembourg;2014;0,232564441
Netherlands;2014;1,247636309
Norway;2014;0,90376265
Poland;2014;3,998318321
Portugal;2014;1,286046494
Romania;2014;4,506725444
Slovenia;2014;2,661812109
Spain;2014;1,824436596
Sweden;2014;1,285783954
Switzerland;2014;1,108693594
Austria;2015;0,174259505
Bulgaria;2015;4,059410787
Croatia;2015;3,552342243
Czechia;2015;4,752624066
Denmark;2015;1,385666344
Estonia;2015;1,771421436
Finland;2015;0,136127446
Germany;2015;0,776507657
Greece;2015;0,431225508
Ireland;2015;23,44369055
Italy;2015;0,982944212
Latvia;2015;4,63645028
Luxembourg;2015;-0,115476306
Netherlands;2015;1,668987756
Norway;2015;0,848799124
Poland;2015;4,501384676
Portugal;2015;2,011395801
Romania;2015;3,643069411
Slovenia;2015;2,316347428
Spain;2015;4,14163767
Sweden;2015;3,311867854
Switzerland;2015;0,494129822
Austria;2016;1,018877258
Bulgaria;2016;3,751779328
Croatia;2016;4,591202433
Czechia;2016;2,384054262
Denmark;2016;2,271801501
Estonia;2016;3,063007531
Finland;2016;2,277543814
Germany;2016;1,472292629
Greece;2016;0,384851418
Ireland;2016;0,086428016
Italy;2016;1,408351493
Latvia;2016;3,493186233
Luxembourg;2016;2,739791802
Netherlands;2016;1,880653181
Norway;2016;0,277407784
Poland;2016;3,075475283
Portugal;2016;2,326430433
Romania;2016;3,451695415
Slovenia;2016;2,959023236
Spain;2016;2,828301278
Sweden;2016;1,071808535
Switzerland;2016;0,960131673
Austria;2017;1,564307095
Bulgaria;2017;3,499174731
Croatia;2017;4,95383381
Czechia;2017;4,894550184
Denmark;2017;2,395590656
Estonia;2017;5,506859144
Finland;2017;3,061231818
Germany;2017;2,332865934
Greece;2017;1,674020407
Ireland;2017;8,858043147
Italy;2017;1,756078536
Latvia;2017;4,319359354
Luxembourg;2017;-1,116112962
Netherlands;2017;2,175690822
Norway;2017;1,639507145
Poland;2017;5,139335422
Portugal;2017;3,567001964
Romania;2017;8,822666571
Slovenia;2017;5,10589623
Spain;2017;2,654943298
Sweden;2017;0,462320332
Switzerland;2017;0,421326163
Austria;2018;1,986262691
Bulgaria;2018;3,292633846
Croatia;2018;4,262511704
Czechia;2018;2,486987712
Denmark;2018;1,356196001
Estonia;2018;3,339406253
Finland;2018;1,058843289
Germany;2018;0,813017364
Greece;2018;2,271951777
Ireland;2018;6,220220498
Italy;2018;1,018463722
Latvia;2018;5,12560223
Luxembourg;2018;-0,714325922
Netherlands;2018;1,663357459
Norway;2018;0,165530155
Poland;2018;6,246071105
Portugal;2018;3,111235567
Romania;2018;6,746218334
Slovenia;2018;4,001304748
Spain;2018;1,947917405
Sweden;2018;0,726062679
Switzerland;2018;2,10552472
Austria;2019;1,303503434
Bulgaria;2019;4,522003262
Croatia;2019;4,128600627
Czechia;2019;3,158748019
Denmark;2019;1,347792458
Estonia;2019;3,34196735
Finland;2019;1,238120956
Germany;2019;0,760402194
Greece;2019;2,384975563
Ireland;2019;3,613766191
Italy;2019;1,593840958
Latvia;2019;1,377748628
Luxembourg;2019;0,915465846
Netherlands;2019;1,632142933
Norway;2019;0,44342928
Poland;2019;4,606007273
Portugal;2019;2,721302468
Romania;2019;4,472191654
Slovenia;2019;2,78704377
Spain;2019;1,232007028
Sweden;2019;1,515330651
Switzerland;2019;0,423089768
Austria;2020;-6,706393805
Bulgaria;2020;-2,633051094
Croatia;2020;-7,487474621
Czechia;2020;-5,534919689
Denmark;2020;-2,066138347
Estonia;2020;-3,075482599
Finland;2020;-2,630998707
Germany;2020;-4,173453208
Greece;2020;-9,001164527
Ireland;2020;6,060780601
Italy;2020;-8,423239928
Latvia;2020;-2,789965464
Luxembourg;2020;-2,547346107
Netherlands;2020;-4,400525427
Norway;2020;-1,857696109
Poland;2020;-1,863920072
Portugal;2020;-8,301071266
Romania;2020;-3,142397913
Slovenia;2020;-4,725246903
Spain;2020;-11,3740694
Sweden;2020;-2,710995782
Switzerland;2020;-2,854158322
Austria;2021;4,339758647
Bulgaria;2021;8,66244927
Croatia;2021;13,65450803
Czechia;2021;5,931069675
Denmark;2021;6,917663976
Estonia;2021;7,040927205
Finland;2021;2,521976708
Germany;2021;3,626128687
Greece;2021;9,984684951
Ireland;2021;15,15194849
Italy;2021;9,494161042
Latvia;2021;7,852926954
Luxembourg;2021;5,553502169
Netherlands;2021;5,721935291
Norway;2021;3,354495074
Poland;2021;9,580041787
Portugal;2021;4,899131869
Romania;2021;6,33606362
Slovenia;2021;8,098633988
Spain;2021;6,570333965
Sweden;2021;5,303163684
Switzerland;2021;4,588192118
Austria;2022;4,275933009
Bulgaria;2022;7,709931692
Croatia;2022;7,937400538
Czechia;2022;1,244094731
Denmark;2022;0,743682051
Estonia;2022;-1,268033766
Finland;2022;1,174535011
Germany;2022;0,641609124
Greece;2022;7,084330092
Ireland;2022;5,832660622
Italy;2022;4,873708616
Latvia;2022;2,08934627
Luxembourg;2022;-0,643838258
Netherlands;2022;4,010978848
Norway;2022;2,084381901
Poland;2022;5,712275974
Portugal;2022;6,24247087
Romania;2022;4,3667763
Slovenia;2022;2,504884299
Spain;2022;5,416005522
Sweden;2022;0,771118412
Switzerland;2022;1,720608335
Austria;2023;-1,930145503
Bulgaria;2023;4,996050986
Croatia;2023;3,1942825
Czechia;2023;-1,850421305
Denmark;2023;1,738313245
Estonia;2023;-4,540797807
Finland;2023;-1,656115361
Germany;2023;0,353884463
Greece;2023;2,63987982
Ireland;2023;-8,055686002
Italy;2023;0,732099291
Latvia;2023;1,81178249
Luxembourg;2023;-3,073571689
Netherlands;2023;-0,911427833
Norway;2023;-0,657512865
Poland;2023;0,505669211
Portugal;2023;1,132128835
Romania;2023;2,345293688
Slovenia;2023;1,70880508
Spain;2023;1,425274692
Sweden;2023;-0,780807368
Switzerland;2023;-0,541794295
