countryname;Year;GDP_per_capita
Austria;1970;2050,705154
Bulgaria;1970;..
Croatia;1970;..
Czechia;1970;..
Denmark;1970;3464,455183
Estonia;1970;..
Finland;1970;2465,864555
Germany;1970;2771,283105
Greece;1970;1473,603948
Ireland;1970;1486,514527
Italy;1970;2111,719864
Latvia;1970;..
Luxembourg;1970;4298,033897
Netherlands;1970;2931,38078
Norway;1970;3306,219476
Poland;1970;..
Portugal;1970;934,0821561
Romania;1970;..
Slovak Republic;1970;..
Slovenia;1970;..
Spain;1970;1211,423433
Sweden;1970;4729,40501
Switzerland;1970;4044,420682
Austria;1971;2371,65248
Bulgaria;1971;..
Croatia;1971;..
Czechia;1971;..
Denmark;1971;3845,599068
Estonia;1971;..
Finland;1971;2716,432235
Germany;1971;3203,828848
Greece;1971;1629,345279
Ireland;1971;1703,932183
Italy;1971;2310,923761
Latvia;1971;..
Luxembourg;1971;4435,398008
Netherlands;1971;3383,587156
Norway;1971;3736,348737
Poland;1971;..
Portugal;1971;1064,537713
Romania;1971;..
Slovak Republic;1971;..
Slovenia;1971;..
Spain;1971;1361,192519
Sweden;1971;5125,329175
Switzerland;1971;4834,740494
Austria;1972;2912,595771
Bulgaria;1972;..
Croatia;1972;..
Czechia;1972;..
Denmark;1972;4653,955879
Estonia;1972;..
Finland;1972;3177,928793
Germany;1972;3823,940326
Greece;1972;1873,254128
Ireland;1972;2080,465147
Italy;1972;2677,29373
Latvia;1972;..
Luxembourg;1972;5486,720628
Netherlands;1972;4110,491646
Norway;1972;4413,575692
Poland;1972;..
Portugal;1972;1302,266268
Romania;1972;..
Slovak Republic;1972;..
Slovenia;1972;..
Spain;1972;1707,588001
Sweden;1972;6018,459632
Switzerland;1972;5884,775241
Austria;1973;3875,483056
Bulgaria;1973;..
Croatia;1973;..
Czechia;1973;..
Denmark;1973;6116,891992
Estonia;1973;..
Finland;1973;4173,544852
Germany;1973;5065,245233
Greece;1973;2468,003955
Ireland;1973;2424,269047
Italy;1973;3212,639496
Latvia;1973;..
Luxembourg;1973;7447,213018
Netherlands;1973;5353,442652
Norway;1973;5689,588807
Poland;1973;..
Portugal;1973;1747,989041
Romania;1973;..
Slovak Republic;1973;..
Slovenia;1973;..
Spain;1973;2245,947991
Sweden;1973;7290,714019
Switzerland;1973;7855,91887
Austria;1974;4612,619208
Bulgaria;1974;..
Croatia;1974;..
Czechia;1974;..
Denmark;1974;6763,865929
Estonia;1974;..
Finland;1974;5298,080088
Germany;1974;5659,737878
Greece;1974;2789,405774
Ireland;1974;2516,927686
Italy;1974;3629,491823
Latvia;1974;..
Luxembourg;1974;8966,728959
Netherlands;1974;6450,457702
Norway;1974;6811,527337
Poland;1974;..
Portugal;1974;2000,418246
Romania;1974;..
Slovak Republic;1974;..
Slovenia;1974;..
Spain;1974;2747,960367
Sweden;1974;8078,278768
Switzerland;1974;9004,788599
Austria;1975;5264,91772
Bulgaria;1975;..
Croatia;1975;..
Czechia;1975;..
Denmark;1975;7988,156133
Estonia;1975;..
Finland;1975;6256,102451
Germany;1975;6259,207445
Greece;1975;3109,37944
Ireland;1975;2973,400123
Italy;1975;4116,459649
Latvia;1975;..
Luxembourg;1975;8701,304731
Netherlands;1975;7346,304748
Norway;1975;8204,451512
Poland;1975;..
Portugal;1975;2127,637507
Romania;1975;..
Slovak Republic;1975;..
Slovenia;1975;..
Spain;1975;3207,544651
Sweden;1975;10102,75486
Switzerland;1975;10328,10894
Austria;1976;5656,145138
Bulgaria;1976;..
Croatia;1976;..
Czechia;1976;..
Denmark;1976;8773,339616
Estonia;1976;..
Finland;1976;6740,291453
Germany;1976;6659,165466
Greece;1976;3343,388194
Ireland;1976;2919,583087
Italy;1976;4042,394825
Latvia;1976;..
Luxembourg;1976;9490,690312
Netherlands;1976;7937,352467
Norway;1976;8927,201627
Poland;1976;..
Portugal;1976;2173,283934
Romania;1976;..
Slovak Republic;1976;..
Slovenia;1976;..
Spain;1976;3276,970233
Sweden;1976;10852,64383
Switzerland;1976;10864,97123
Austria;1977;6783,951422
Bulgaria;1977;..
Croatia;1977;..
Czechia;1977;..
Denmark;1977;9769,578643
Estonia;1977;..
Finland;1977;7069,735651
Germany;1977;7711,10232
Greece;1977;3832,3211
Ireland;1977;3427,073436
Italy;1977;4614,210049
Latvia;1977;..
Luxembourg;1977;10486,33579
Netherlands;1977;9180,299185
Norway;1977;10266,12067
Poland;1977;..
Portugal;1977;2267,371003
Romania;1977;..
Slovak Republic;1977;..
Slovenia;1977;..
Spain;1977;3624,999403
Sweden;1977;11432,15272
Switzerland;1977;11643,64674
Austria;1978;8173,329263
Bulgaria;1978;..
Croatia;1978;..
Czechia;1978;..
Denmark;1978;11817,62509
Estonia;1978;..
Finland;1978;7629,495725
Germany;1978;9516,782832
Greece;1978;4629,339377
Ireland;1978;4399,986805
Italy;1978;5623,429176
Latvia;1978;..
Luxembourg;1978;13034,38821
Netherlands;1978;11195,84249
Norway;1978;11462,59459
Poland;1978;..
Portugal;1978;2457,313216
Romania;1978;..
Slovak Republic;1978;..
Slovenia;1978;..
Spain;1978;4353,327374
Sweden;1978;12602,3664
Switzerland;1978;16282,19325
Austria;1979;9755,404456
Bulgaria;1979;..
Croatia;1979;..
Czechia;1979;..
Denmark;1979;13757,23437
Estonia;1979;..
Finland;1979;9333,076956
Germany;1979;11322,35434
Greece;1979;5626,588791
Ireland;1979;5429,962001
Italy;1979;7006,396991
Latvia;1979;..
Luxembourg;1979;15204,33082
Netherlands;1979;12817,37902
Norway;1979;13046,53722
Poland;1979;..
Portugal;1979;2755,624618
Romania;1979;..
Slovak Republic;1979;..
Slovenia;1979;..
Spain;1979;5766,092967
Sweden;1979;14855,7663
Switzerland;1979;18265,55886
Austria;1980;10826,97183
Bulgaria;1980;2238,802958
Croatia;1980;..
Czechia;1980;..
Denmark;1980;13822,15784
Estonia;1980;..
Finland;1980;11224,938
Germany;1980;12182,78002
Greece;1980;5811,690696
Ireland;1980;6372,437775
Italy;1980;8476,41045
Latvia;1980;..
Luxembourg;1980;16531,1149
Netherlands;1980;13812,16001
Norway;1980;15772,24091
Poland;1980;..
Portugal;1980;3368,366669
Romania;1980;..
Slovak Republic;1980;..
Slovenia;1980;..
Spain;1980;6204,143215
Sweden;1980;17073,24066
Switzerland;1980;19393,88055
Austria;1981;9348,488324
Bulgaria;1981;2234,814816
Croatia;1981;..
Czechia;1981;..
Denmark;1981;12000,21038
Estonia;1981;..
Finland;1981;10925,09572
Germany;1981;10246,47676
Greece;1981;5305,437294
Ireland;1981;5986,154109
Italy;1981;7640,402413
Latvia;1981;..
Luxembourg;1981;13837,12998
Netherlands;1981;11537,40269
Norway;1981;15512,5067
Poland;1981;..
Portugal;1981;3245,975214
Romania;1981;..
Slovak Republic;1981;..
Slovenia;1981;..
Spain;1981;5367,329763
Sweden;1981;15564,01196
Switzerland;1981;17665,0139
Austria;1982;9373,488206
Bulgaria;1982;2169,004011
Croatia;1982;..
Czechia;1982;..
Denmark;1982;11740,21991
Estonia;1982;..
Finland;1982;10935,31106
Germany;1982;9950,05926
Greece;1982;5501,637001
Ireland;1982;6160,638614
Italy;1982;7573,939676
Latvia;1982;..
Luxembourg;1982;12590,9768
Netherlands;1982;11088,95432
Norway;1982;15224,89391
Poland;1982;..
Portugal;1982;3079,949566
Romania;1982;..
Slovak Republic;1982;..
Slovenia;1982;..
Spain;1982;5156,023038
Sweden;1982;13719,2114
Switzerland;1982;17999,96926
Austria;1983;9500,050704
Bulgaria;1983;1852,813434
Croatia;1983;..
Czechia;1983;..
Denmark;1983;11796,5692
Estonia;1983;..
Finland;1983;10493,96266
Germany;1983;9900,485592
Greece;1983;4950,060265
Ireland;1983;5915,241772
Italy;1983;7850,62789
Latvia;1983;..
Luxembourg;1983;12374,03042
Netherlands;1983;10696,0775
Norway;1983;14927,51748
Poland;1983;..
Portugal;1983;2735,491066
Romania;1983;..
Slovak Republic;1983;..
Slovenia;1983;..
Spain;1983;4475,301268
Sweden;1983;12590,09461
Switzerland;1983;17859,23237
Austria;1984;8955,848292
Bulgaria;1984;1963,572676
Croatia;1984;..
Czechia;1984;..
Denmark;1984;11516,68216
Estonia;1984;..
Finland;1984;10830,21852
Germany;1984;9347,290684
Greece;1984;4785,07463
Ireland;1984;5692,027386
Italy;1984;7757,553748
Latvia;1984;..
Luxembourg;1984;12126,9392
Netherlands;1984;9991,843777
Norway;1984;14989,48577
Poland;1984;..
Portugal;1984;2522,747476
Romania;1984;..
Slovak Republic;1984;..
Slovenia;1984;..
Spain;1984;4486,781739
Sweden;1984;13080,18039
Switzerland;1984;16991,24588
Austria;1985;9136,170926
Bulgaria;1985;1914,550647
Croatia;1985;..
Czechia;1985;..
Denmark;1985;12212,7874
Estonia;1985;..
Finland;1985;11394,1921
Germany;1985;9464,116947
Greece;1985;4746,760358
Ireland;1985;6011,735546
Italy;1985;8009,103476
Latvia;1985;..
Luxembourg;1985;12481,96584
Netherlands;1985;9940,738436
Norway;1985;15753,55277
Poland;1985;..
Portugal;1985;2705,193002
Romania;1985;..
Slovak Republic;1985;..
Slovenia;1985;..
Spain;1985;4696,298796
Sweden;1985;13647,20056
Switzerland;1985;17152,09485
Austria;1986;13031,8281
Bulgaria;1986;2260,427281
Croatia;1986;..
Czechia;1986;..
Denmark;1986;17136,62974
Estonia;1986;..
Finland;1986;14946,99262
Germany;1986;13511,152
Greece;1986;5577,832587
Ireland;1986;8112,171363
Italy;1986;11341,09399
Latvia;1986;..
Luxembourg;1986;18149,86925
Netherlands;1986;13804,13606
Norway;1986;18883,23335
Poland;1986;..
Portugal;1986;3861,948433
Romania;1986;..
Slovak Republic;1986;..
Slovenia;1986;..
Spain;1986;6508,850655
Sweden;1986;17955,15715
Switzerland;1986;24459,85363
Austria;1987;16328,5613
Bulgaria;1987;3132,30136
Croatia;1987;..
Czechia;1987;..
Denmark;1987;21295,67686
Estonia;1987;..
Finland;1987;18565,02644
Germany;1987;16738,61328
Greece;1987;6473,577832
Ireland;1987;9581,913086
Italy;1987;14267,53682
Latvia;1987;..
Luxembourg;1987;22443,43146
Netherlands;1987;16734,15141
Norway;1987;22505,86226
Poland;1987;..
Portugal;1987;4803,866095
Romania;1987;1658,758739
Slovak Republic;1987;..
Slovenia;1987;..
Spain;1987;8233,72823
Sweden;1987;21761,21445
Switzerland;1987;30440,51082
Austria;1988;17509,76587
Bulgaria;1988;2511,393063
Croatia;1988;..
Czechia;1988;..
Denmark;1988;22524,57926
Estonia;1988;..
Finland;1988;22043,77016
Germany;1988;17996,97835
Greece;1988;7492,352048
Ireland;1988;10715,87062
Italy;1988;15780,94951
Latvia;1988;..
Luxembourg;1988;25219,35428
Netherlands;1988;17770,61624
Norway;1988;24207,28147
Poland;1988;..
Portugal;1988;5623,697
Romania;1988;1753,192856
Slovak Republic;1988;..
Slovenia;1988;..
Spain;1988;9696,192854
Sweden;1988;24499,40532
Switzerland;1988;32690,43027
Austria;1989;17400,52266
Bulgaria;1989;2477,020818
Croatia;1989;..
Czechia;1989;..
Denmark;1989;21882,15175
Estonia;1989;..
Finland;1989;23969,0528
Germany;1989;17829,46095
Greece;1989;7737,543858
Ireland;1989;11175,8166
Italy;1989;16424,43016
Latvia;1989;..
Luxembourg;1989;26618,06958
Netherlands;1989;17423,29616
Norway;1989;24281,13041
Poland;1989;..
Portugal;1989;6056,381028
Romania;1989;1789,644555
Slovak Republic;1989;..
Slovenia;1989;..
Spain;1989;10674,34102
Sweden;1989;25625,31037
Switzerland;1989;31308,65083
Austria;1990;21596,06822
Bulgaria;1990;2366,529821
Croatia;1990;5369,109786
Czechia;1990;3969,367335
Denmark;1990;26885,69942
Estonia;1990;..
Finland;1990;28366,20428
Germany;1990;22385,67783
Greece;1990;9466,662385
Ireland;1990;14031,30257
Italy;1990;20873,78341
Latvia;1990;..
Luxembourg;1990;33465,47821
Netherlands;1990;21322,19448
Norway;1990;28242,9814
Poland;1990;1731,209509
Portugal;1990;7884,617988
Romania;1990;1648,48523
Slovak Republic;1990;2437,17517
Slovenia;1990;9925,14071
Spain;1990;13795,01594
Sweden;1990;30549,66928
Switzerland;1990;39574,53981
Austria;1991;22323,13125
Bulgaria;1991;1267,734375
Croatia;1991;4000,916774
Czechia;1991;2917,086555
Denmark;1991;27002,80577
Estonia;1991;..
Finland;1991;25488,84505
Germany;1991;23443,33508
Greece;1991;10046,66639
Ireland;1991;14087,2078
Italy;1991;22007,1351
Latvia;1991;..
Luxembourg;1991;35747,3378
Netherlands;1991;21764,2145
Norway;1991;28596,933
Poland;1991;2235,541089
Portugal;1991;8958,985333
Romania;1991;1254,312442
Slovak Republic;1991;2726,593055
Slovenia;1991;7229,311498
Spain;1991;14801,32262
Sweden;1991;31777,0328
Switzerland;1991;39544,49468
Austria;1992;24782,71188
Bulgaria;1992;1211,980878
Croatia;1992;2321,152041
Czechia;1992;3396,709724
Denmark;1992;29579,49136
Estonia;1992;..
Finland;1992;22320,11247
Germany;1992;26559,85439
Greece;1992;11021,01222
Ireland;1992;15714,38475
Italy;1992;23297,04603
Latvia;1992;..
Luxembourg;1992;39570,86157
Netherlands;1992;23939,21735
Norway;1992;30523,98506
Poland;1992;2459,020685
Portugal;1992;10810,56651
Romania;1992;1102,103785
Slovak Republic;1992;2959,336449
Slovenia;1992;7151,152438
Spain;1992;16100,67994
Sweden;1992;32753,8047
Switzerland;1992;40713,68815
Austria;1993;23987,20372
Bulgaria;1993;1278,525114
Croatia;1993;2447,503191
Czechia;1993;3984,146344
Denmark;1993;27581,72411
Estonia;1993;2685,908893
Finland;1993;17588,67817
Germany;1993;25616,65088
Greece;1993;10257,30858
Ireland;1993;14657,06155
Italy;1993;18781,95294
Latvia;1993;..
Luxembourg;1993;40066,72425
Netherlands;1993;23156,44044
Norway;1993;27963,69791
Poland;1993;2497,130559
Portugal;1993;9534,656364
Romania;1993;1158,056328
Slovak Republic;1993;3143,101431
Slovenia;1993;7254,588874
Spain;1993;13330,37982
Sweden;1993;24390,1538
Switzerland;1993;39237,11866
Austria;1994;25546,24605
Bulgaria;1994;1148,494399
Croatia;1994;3237,926463
Czechia;1994;4663,286653
Denmark;1994;29967,83039
Estonia;1994;2819,126121
Finland;1994;20278,2911
Germany;1994;27201,95936
Greece;1994;10937,02238
Ireland;1994;15902,92968
Italy;1994;19382,20022
Latvia;1994;..
Luxembourg;1994;43933,23544
Netherlands;1994;24682,58667
Norway;1994;29315,80923
Poland;1994;2874,831636
Portugal;1994;9977,319909
Romania;1994;1323,032378
Slovak Republic;1994;3820,964275
Slovenia;1994;8243,898955
Spain;1994;13405,70441
Sweden;1994;26045,81489
Switzerland;1994;43091,7771
Austria;1995;30207,06743
Bulgaria;1995;2259,259226
Croatia;1995;4929,057722
Czechia;1995;5865,294606
Denmark;1995;35321,09808
Estonia;1995;3134,389753
Finland;1995;26246,27432
Germany;1995;31747,24494
Greece;1995;12779,08149
Ireland;1995;19158,45648
Italy;1995;20712,17987
Latvia;1995;2256,773604
Luxembourg;1995;51032,34964
Netherlands;1995;29301,19405
Norway;1995;34875,70433
Poland;1995;3700,959568
Portugal;1995;11781,36185
Romania;1995;1650,049224
Slovak Republic;1995;4882,511582
Slovenia;1995;10738,08876
Spain;1995;15460,91103
Sweden;1995;30254,29729
Switzerland;1995;50113,83212
Austria;1996;29645,94513
Bulgaria;1996;1470,192593
Croatia;1996;5299,641054
Czechia;1996;6573,196431
Denmark;1996;35621,98781
Estonia;1996;3380,926302
Finland;1996;25756,67771
Germany;1996;30599,7891
Greece;1996;13432,52622
Ireland;1996;20835,89737
Italy;1996;23122,93372
Latvia;1996;2360,171482
Luxembourg;1996;50444,35912
Netherlands;1996;29063,62365
Norway;1996;37321,9742
Poland;1996;4163,511954
Portugal;1996;12185,0914
Romania;1996;1633,010644
Slovak Republic;1996;5247,70081
Slovenia;1996;10796,73994
Spain;1996;16100,62158
Sweden;1996;33022,56495
Switzerland;1996;48092,6433
Austria;1997;26571,75236
Bulgaria;1997;1361,409384
Croatia;1997;5331,023439
Czechia;1997;6069,387624
Denmark;1997;32779,87905
Estonia;1997;3682,952301
Finland;1997;24682,29083
Germany;1997;27046,95655
Greece;1997;13015,9175
Ireland;1997;22551,11391
Italy;1997;21883,98727
Latvia;1997;2609,893087
Luxembourg;1997;46641,64088
Netherlands;1997;26744,96013
Norway;1997;36629,0309
Poland;1997;4137,008318
Portugal;1997;11575,50711
Romania;1997;1577,33656
Slovak Republic;1997;5172,417575
Slovenia;1997;10436,72607
Spain;1997;14722,37176
Sweden;1997;30324,45109
Switzerland;1997;41584,44178
Austria;1998;27212,46429
Bulgaria;1998;1820,448664
Croatia;1998;5712,589857
Czechia;1998;6526,596358
Denmark;1998;33346,48843
Estonia;1998;4093,392477
Finland;1998;25999,98617
Germany;1998;27395,94406
Greece;1998;13022,96488
Ireland;1998;24294,85477
Italy;1998;22365,18376
Latvia;1998;2893,799987
Luxembourg;1998;47445,38108
Netherlands;1998;27924,28181
Norway;1998;34803,46341
Poland;1998;4533,535655
Portugal;1998;12199,20639
Romania;1998;1852,554969
Slovak Republic;1998;5560,916178
Slovenia;1998;11131,56666
Spain;1998;15382,33486
Sweden;1998;30605,62272
Switzerland;1998;42680,58673
Austria;1999;27078,70816
Bulgaria;1999;1659,718611
Croatia;1999;5269,033946
Czechia;1999;6377,621108
Denmark;1999;33426,23811
Estonia;1999;4140,936602
Finland;1999;26180,41286
Germany;1999;26965,49228
Greece;1999;12742,54044
Ireland;1999;26338,10775
Italy;1999;22049,99906
Latvia;1999;3063,897946
Luxembourg;1999;50872,44927
Netherlands;1999;28318,74665
Norway;1999;36393,29275
Poland;1999;4415,500675
Portugal;1999;12475,29177
Romania;1999;1599,906228
Slovak Republic;1999;5651,623275
Slovenia;1999;11401,49068
Spain;1999;15707,94731
Sweden;1999;30969,10335
Switzerland;1999;41695,69129
Austria;2000;24487,29747
Bulgaria;2000;1621,262107
Croatia;2000;4953,651588
Czechia;2000;6062,921528
Denmark;2000;30722,02518
Estonia;2000;4070,609024
Finland;2000;24335,92251
Germany;2000;23925,85599
Greece;2000;11638,20107
Ireland;2000;26334,56721
Italy;2000;20190,00356
Latvia;2000;3278,178964
Luxembourg;2000;48659,59888
Netherlands;2000;26225,16977
Norway;2000;38178,23688
Poland;2000;4520,641004
Portugal;2000;11526,37207
Romania;2000;1659,929049
Slovak Republic;2000;5421,644844
Slovenia;2000;10135,72191
Spain;2000;14743,2671
Sweden;2000;29632,77361
Switzerland;2000;38865,02194
Austria;2001;24430,49598
Bulgaria;2001;1770,907049
Croatia;2001;5364,838247
Czechia;2001;6669,074948
Denmark;2001;30768,47755
Estonia;2001;4502,66615
Finland;2001;24965,203
Germany;2001;23878,36415
Greece;2001;12156,95728
Ireland;2001;28282,40988
Italy;2001;20571,47877
Latvia;2001;3504,618295
Luxembourg;2001;48440,14202
Netherlands;2001;26955,7128
Norway;2001;38601,89764
Poland;2001;5015,2379
Portugal;2001;11734,76497
Romania;2001;1825,192994
Slovak Republic;2001;5712,478028
Slovenia;2001;10375,62559
Spain;2001;15368,2338
Sweden;2001;27259,48067
Switzerland;2001;39638,79111
Austria;2002;26334,86222
Bulgaria;2002;2092,982886
Croatia;2002;6219,581641
Czechia;2002;8101,260186
Denmark;2002;33257,16226
Estonia;2002;5343,183108
Finland;2002;26989,38926
Germany;2002;25486,5942
Greece;2002;13782,19564
Ireland;2002;32705,43456
Italy;2002;22463,52221
Latvia;2002;4003,609358
Luxembourg;2002;53005,73392
Netherlands;2002;29446,53309
Norway;2002;43170,55717
Poland;2002;5223,45179
Portugal;2002;12936,69282
Romania;2002;2119,855097
Slovak Republic;2002;6554,628084
Slovenia;2002;11639,12978
Spain;2002;17111,06851
Sweden;2002;29957,93877
Switzerland;2002;42458,73847
Austria;2003;32110,11597
Bulgaria;2003;2719,494369
Croatia;2003;8190,111352
Czechia;2003;9852,456779
Denmark;2003;40519,09749
Estonia;2003;7205,407033
Finland;2003;32920,08572
Germany;2003;30711,10225
Greece;2003;18020,61204
Ireland;2003;41203,52958
Italy;2003;27618,94177
Latvia;2003;4914,579928
Luxembourg;2003;65689,32145
Netherlands;2003;35896,75046
Norway;2003;50250,32982
Poland;2003;5720,813662
Portugal;2003;15797,78213
Romania;2003;2679,40626
Slovak Republic;2003;8675,396337
Slovenia;2003;14711,67487
Spain;2003;21522,0171
Sweden;2003;37292,42143
Switzerland;2003;49335,74563
Austria;2004;36614,25065
Bulgaria;2004;3389,687434
Croatia;2004;9718,973228
Czechia;2004;11782,55467
Denmark;2004;46625,0501
Estonia;2004;8916,072827
Finland;2004;37768,13342
Germany;2004;34566,73591
Greece;2004;21449,25528
Ireland;2004;47754,20232
Italy;2004;31425,82087
Latvia;2004;6109,732652
Luxembourg;2004;76544,91709
Netherlands;2004;40611,34144
Norway;2004;57768,6981
Poland;2004;6711,727153
Portugal;2004;18064,15809
Romania;2004;3494,990564
Slovak Republic;2004;10650,12901
Slovenia;2004;17103,82978
Spain;2004;24925,02678
Sweden;2004;42758,20155
Switzerland;2004;54659,45715
Austria;2005;38157,37023
Bulgaria;2005;3899,825963
Croatia;2005;10443,52784
Czechia;2005;13442,49163
Denmark;2005;48925,80767
Estonia;2005;10414,63812
Finland;2005;39049,87038
Germany;2005;35084,43635
Greece;2005;22054,13158
Ireland;2005;50933,02161
Italy;2005;32171,79337
Latvia;2005;7283,787381
Luxembourg;2005;80988,13762
Netherlands;2005;42165,39617
Norway;2005;67047,17046
Poland;2005;8043,923323
Portugal;2005;18780,12751
Romania;2005;4618,003508
Slovak Republic;2005;11641,54103
Slovenia;2005;17969,70959
Spain;2005;26450,95301
Sweden;2005;43378,61521
Switzerland;2005;56242,89336
Austria;2006;40382,20783
Bulgaria;2006;4523,146558
Croatia;2006;11502,75312
Czechia;2006;15259,07882
Denmark;2006;52119,1788
Estonia;2006;12641,4801
Finland;2006;41214,01878
Germany;2006;36980,33499
Greece;2006;24416,0233
Ireland;2006;54329,16186
Italy;2006;33684,72004
Latvia;2006;9211,737447
Luxembourg;2006;90788,80049
Netherlands;2006;45123,54324
Norway;2006;74434,49968
Poland;2006;9068,855283
Portugal;2006;19839,45405
Romania;2006;5757,531273
Slovak Republic;2006;13167,89547
Slovenia;2006;19563,00506
Spain;2006;28421,68653
Sweden;2006;46531,60011
Switzerland;2006;59011,03246
Austria;2007;46622,96229
Bulgaria;2007;5888,776852
Croatia;2007;13757,60565
Czechia;2007;18452,65328
Denmark;2007;58631,65664
Estonia;2007;16745,4308
Finland;2007;48473,02401
Germany;2007;42350,92172
Greece;2007;28440,76253
Ireland;2007;61396,41746
Italy;2007;38031,97095
Latvia;2007;13370,97895
Luxembourg;2007;107475,3203
Netherlands;2007;52100,79963
Norway;2007;85502,26771
Poland;2007;11272,52937
Portugal;2007;22811,05648
Romania;2007;8360,337759
Slovak Republic;2007;16110,48173
Slovenia;2007;23725,1596
Spain;2007;32652,01559
Sweden;2007;53568,56455
Switzerland;2007;64989,15533
Austria;2008;51581,39824
Bulgaria;2008;7271,303389
Croatia;2008;15889,43471
Czechia;2008;22774,70451
Denmark;2008;64616,66576
Estonia;2008;18205,90641
Finland;2008;53769,47262
Germany;2008;46386,32959
Greece;2008;31695,83311
Ireland;2008;61353,10656
Italy;2008;41095,40634
Latvia;2008;15677,60809
Luxembourg;2008;120422,1379
Netherlands;2008;58246,70269
Norway;2008;97503,54078
Poland;2008;14048,56047
Portugal;2008;24949,04136
Romania;2008;10435,15612
Slovak Republic;2008;18744,31923
Slovenia;2008;27461,97642
Spain;2008;35603,24833
Sweden;2008;55817,43927
Switzerland;2008;74175,19279
Austria;2009;47857,44466
Bulgaria;2009;6988,273163
Croatia;2009;14475,96329
Czechia;2009;19817,42158
Denmark;2009;58412,74724
Estonia;2009;14712,44942
Finland;2009;47478,34953
Germany;2009;42487,21371
Greece;2009;29425,45732
Ireland;2009;52133,09092
Italy;2009;37388,45371
Latvia;2009;11996,03227
Luxembourg;2009;109419,747
Netherlands;2009;53172,02616
Norway;2009;80347,57007
Poland;2009;11556,30269
Portugal;2009;23151,21541
Romania;2009;8548,454341
Slovak Republic;2009;16586,75278
Slovenia;2009;24501,78973
Spain;2009;32279,82085
Sweden;2009;46707,86732
Switzerland;2009;71568,31239
Austria;2010;46611,13934
Bulgaria;2010;6863,667068
Croatia;2010;13731,28652
Czechia;2010;20160,43551
Denmark;2010;58104,54456
Estonia;2010;14663,7041
Finland;2010;46506,2919
Germany;2010;42409,9357
Greece;2010;26653,0488
Ireland;2010;48679,40268
Italy;2010;36184,71187
Latvia;2010;11188,41917
Luxembourg;2010;110885,9914
Netherlands;2010;51305,73385
Norway;2010;88163,20859
Poland;2010;12567,73177
Portugal;2010;22551,9351
Romania;2010;8399,537423
Slovak Republic;2010;16899,44868
Slovenia;2010;23329,84177
Spain;2010;30658,74223
Sweden;2010;52542,82741
Switzerland;2010;76531,37294
Austria;2011;51116,89535
Bulgaria;2011;7857,16707
Croatia;2011;14694,99932
Czechia;2011;22049,10808
Denmark;2011;61809,7379
Estonia;2011;17555,54552
Finland;2011;51060,32426
Germany;2011;47646,58204
Greece;2011;25504,78665
Ireland;2011;52692,78131
Italy;2011;38851,38813
Latvia;2011;12902,57405
Luxembourg;2011;119025,0572
Netherlands;2011;54701,7728
Norway;2011;101221,8135
Poland;2011;13867,66694
Portugal;2011;23246,54254
Romania;2011;9560,675528
Slovak Republic;2011;18469,43543
Slovenia;2011;24940,62848
Spain;2011;31824,62191
Sweden;2011;60379,77482
Switzerland;2011;90476,75897
Austria;2012;48250,40591
Bulgaria;2012;7430,73738
Croatia;2012;13508,6837
Czechia;2012;20014,0354
Denmark;2012;58443,77471
Estonia;2012;17568,2138
Finland;2012;47551,67408
Germany;2012;44735,58823
Greece;2012;21624,34605
Ireland;2012;49411,73875
Italy;2012;35235,79891
Latvia;2012;13329,34999
Luxembourg;2012;112584,6763
Netherlands;2012;50473,9442
Norway;2012;102175,9193
Poland;2012;13087,42094
Portugal;2012;20593,42742
Romania;2012;8929,953662
Slovak Republic;2012;17516,96911
Slovenia;2012;22442,14179
Spain;2012;28456,44382
Sweden;2012;57749,82513
Switzerland;2012;85836,20768
Austria;2013;50305,35458
Bulgaria;2013;7687,713682
Croatia;2013;14136,39677
Czechia;2013;20260,4955
Denmark;2013;61377,59406
Estonia;2013;19310,38749
Finland;2013;49691,01452
Germany;2013;47220,01021
Greece;2013;21573,34498
Ireland;2013;52619,21237
Italy;2013;35747,70795
Latvia;2013;14484,47153
Luxembourg;2013;120000,1407
Netherlands;2013;52602,28605
Norway;2013;103553,8401
Poland;2013;13621,90238
Portugal;2013;21676,48596
Romania;2013;9497,674116
Slovak Republic;2013;18312,78051
Slovenia;2013;23236,96553
Spain;2013;29218,91052
Sweden;2013;60844,27671
Switzerland;2013;87304,33058
Austria;2014;51314,97226
Bulgaria;2014;7912,274844
Croatia;2014;14187,96945
Czechia;2014;20038,41632
Denmark;2014;62520,45097
Estonia;2014;20581,7899
Finland;2014;50073,77608
Germany;2014;48971,08247
Greece;2014;21474,72571
Ireland;2014;57278,25909
Italy;2014;35750,71975
Latvia;2014;15185,81458
Luxembourg;2014;123678,7021
Netherlands;2014;53457,22349
Norway;2014;97666,69518
Poland;2014;14262,28419
Portugal;2014;22120,68501
Romania;2014;10031,77108
Slovak Republic;2014;18770,92899
Slovenia;2014;24013,06821
Spain;2014;29694,88749
Sweden;2014;59583,714
Switzerland;2014;88724,99094
Austria;2015;43915,22802
Bulgaria;2015;7078,860323
Croatia;2015;12285,30326
Czechia;2015;17931,59877
Denmark;2015;53094,01336
Estonia;2015;17722,15577
Finland;2015;42560,34568
Germany;2015;41911,01099
Greece;2015;17980,72982
Ireland;2015;64311,82347
Italy;2015;30387,12932
Latvia;2015;13321,97531
Luxembourg;2015;105462,0126
Netherlands;2015;45793,81354
Norway;2015;74809,9658
Poland;2015;12637,52203
Portugal;2015;19215,7813
Romania;2015;8977,017482
Slovak Republic;2015;16442,07609
Slovenia;2015;20697,27485
Spain;2015;25969,83831
Sweden;2015;51197,95293
Switzerland;2015;83806,4476
Austria;2016;45061,49939
Bulgaria;2016;7570,931655
Croatia;2016;12821,17381
Czechia;2016;18753,96867
Denmark;2016;54500,92604
Estonia;2016;18666,37365
Finland;2016;43451,25624
Germany;2016;42961,03569
Greece;2016;17919,24264
Ireland;2016;64292,65997
Italy;2016;31126,32469
Latvia;2016;13838,52668
Luxembourg;2016;106899,2935
Netherlands;2016;46808,52915
Norway;2016;70867,361
Poland;2016;12464,01105
Portugal;2016;19980,28089
Romania;2016;9404,540059
Slovak Republic;2016;16636,07691
Slovenia;2016;21447,83778
Spain;2016;26740,68518
Sweden;2016;51820,39725
Switzerland;2016;82153,07454
Austria;2017;47163,74258
Bulgaria;2017;8381,881346
Croatia;2017;13902,63105
Czechia;2017;20913,19763
Denmark;2017;57521,5515
Estonia;2017;20851,52235
Finland;2017;46085,01747
Germany;2017;45526,59996
Greece;2017;18631,99301
Ireland;2017;72499,32687
Italy;2017;32554,14668
Latvia;2017;15132,49583
Luxembourg;2017;110193,2138
Netherlands;2017;49513,68173
Norway;2017;76131,8384
Poland;2017;13913,34029
Portugal;2017;21442,38428
Romania;2017;10727,9822
Slovak Republic;2017;17645,52987
Slovenia;2017;23303,07771
Spain;2017;28367,93926
Sweden;2017;53300,85873
Switzerland;2017;82254,37693
Austria;2018;51194,07498
Bulgaria;2018;9436,144799
Croatia;2018;15460,41833
Czechia;2018;23705,93298
Denmark;2018;61324,7665
Estonia;2018;23618,13613
Finland;2018;49654,2497
Germany;2018;48874,8595
Greece;2018;19873,40152
Ireland;2018;81248,31354
Italy;2018;34746,34414
Latvia;2018;17252,17104
Luxembourg;2018;116786,5117
Netherlands;2018;53955,077
Norway;2018;82792,84271
Poland;2018;15658,21203
Portugal;2018;23541,14011
Romania;2018;12502,26241
Slovak Republic;2018;19573,3717
Slovenia;2018;25888,04811
Spain;2018;30592,12648
Sweden;2018;54181,90698
Switzerland;2018;85217,36915
Austria;2019;49885,99474
Bulgaria;2019;9838,60059
Croatia;2019;15563,81674
Czechia;2019;24062,719
Denmark;2019;59404,26632
Estonia;2019;24021,25014
Finland;2019;48358,18078
Germany;2019;47623,86561
Greece;2019;19335,3602
Ireland;2019;82508,46599
Italy;2019;33812,78872
Latvia;2019;17294,97516
Luxembourg;2019;112726,4397
Netherlands;2019;53554,90075
Norway;2019;76430,58895
Poland;2019;15874,52205
Portugal;2019;23343,3629
Romania;2019;12992,03261
Slovak Republic;2019;19406,05897
Slovenia;2019;25814,16872
Spain;2019;29776,20115
Sweden;2019;51773,04646
Switzerland;2019;84121,93103
Austria;2020;48716,40989
Bulgaria;2020;10198,53883
Croatia;2020;14808,46202
Czechia;2020;23472,89155
Denmark;2020;60985,48856
Estonia;2020;23933,99394
Finland;2020;48828,68469
Germany;2020;47379,76519
Greece;2020;17886,73317
Ireland;2020;87567,1149
Italy;2020;32091,48666
Latvia;2020;17564,23215
Luxembourg;2020;116905,3704
Netherlands;2020;53467,92774
Norway;2020;68340,0181
Poland;2020;15987,57537
Portugal;2020;22299,40441
Romania;2020;13082,30066
Slovak Republic;2020;19735,48583
Slovenia;2020;25392,06511
Spain;2020;27230,35999
Sweden;2020;52653,75659
Switzerland;2020;85897,78433
Austria;2021;53648,71907
Bulgaria;2021;12274,0776
Croatia;2021;17789,93047
Czechia;2021;27696,46195
Denmark;2021;69727,98737
Estonia;2021;27953,76702
Finland;2021;53099,13514
Germany;2021;52265,65416
Greece;2021;20654,7002
Ireland;2021;105561,1375
Italy;2021;36852,54254
Latvia;2021;20262,84339
Luxembourg;2021;133711,7944
Netherlands;2021;60141,98809
Norway;2021;93072,89251
Poland;2021;18635,51049
Portugal;2021;24711,45101
Romania;2021;14986,78549
Slovak Republic;2021;22138,19498
Slovenia;2021;29187,36938
Spain;2021;30817,68286
Sweden;2021;61174,96802
Switzerland;2021;93446,43445
Austria;2022;52176,66491
Bulgaria;2022;13644,20158
Croatia;2022;18466,09555
Czechia;2022;28282,22367
Denmark;2022;68091,31911
Estonia;2022;28451,14778
Finland;2022;50438,4754
Germany;2022;49686,11546
Greece;2022;20971,83493
Ireland;2022;106194,7559
Italy;2022;35635,74422
Latvia;2022;20229,46136
Luxembourg;2022;125006,0218
Netherlands;2022;59123,31856
Norway;2022;108798,4512
Poland;2022;18891,21212
Portugal;2022;24620,51956
Romania;2022;15557,88262
Slovak Republic;2022;21342,76667
Slovenia;2022;28373,83823
Spain;2022;30287,36576
Sweden;2022;55296,93715
Switzerland;2022;93245,79521
Austria;2023;56033,57379
Bulgaria;2023;15885,53913
Croatia;2023;21865,45628
Czechia;2023;31591,17707
Denmark;2023;68453,87693
Estonia;2023;30133,30445
Finland;2023;52925,68976
Germany;2023;54343,22651
Greece;2023;23400,72788
Ireland;2023;103887,8004
Italy;2023;39003,3161
Latvia;2023;22502,84299
Luxembourg;2023;128678,1899
Netherlands;2023;64572,00596
Norway;2023;87925,09442
Poland;2023;22056,66617
Portugal;2023;27331,20949
Romania;2023;18404,27309
Slovak Republic;2023;24491,37719
Slovenia;2023;32610,11092
Spain;2023;33509,0128
Sweden;2023;55516,83648
Switzerland;2023;99564,71003
