countryname,party_abbrev,origin_year,origin_year_raw,source_note
Austria,Grüne,1982,"1982 (pre-), 1986",
Belgium,Ecolo,1974,"1974 (pre-), 1980",
Switzerland,GPS,1983,"1983 (pre-), 1987","Switzerland also has GLP (origin 2004); earliest green party used"
Germany,Die Grünen,1979,"1979 (pre-), 1980",
Greece,Ecologists Greens,1988,"1988 (pre-), 2002",
Spain,Los Verdes,1984,1984,
Finland,Vihreä liitto,1988,1988,
France,EELV,1973,"1973 (pre-), 1984",
Ireland,Green Party,1981,1981,
Italy,Federazione dei Verdi,1986,"1986 (pre-), 1990",
Netherlands,GroenLinks,1990,1990,
Portugal,PEV,1982,1982,
Sweden,Miljöpartiet,1981,1981,
United Kingdom,GPEW,1973,"1973 (pre-), 1985",
Estonia,ER-EER,1989,"1989 (pre-), 1991",
Czech Republic,Strana zelených,1989,"1989, 1993",
Bulgaria,Ecoglasnost/ZPB/Zelenite,1989,"1989/1990/2008 (earliest of 3 parties)","Bulgaria has 3 listed green parties; earliest used"
Slovenia,ZS,1989,"1989 (earliest of 4 parties: ZS, SMS-Zeleni, ZA, TRS)","Slovenia has 4 listed green parties; earliest used"
Romania,MER-FER,1990,"1990 (earliest of 3 parties)","Romania has 3 listed green parties; earliest used"
Poland,Zieloni,1988,"1988 (pre-), 2003",
Latvia,LZP,1990,1990,
Hungary,MZP,1989,"1989 (earliest of 3 parties: MZP, Z4-ZDS, LMP)","Hungary has 3 listed green parties; earliest used"
Croatia,ZS/HSZ,1996,"1996 (earliest of 4 parties)","Croatia has 4 listed green parties; earliest used"
