countryname;Year;Inflation-consumer prices
Austria;1970;4,372824416
Bulgaria;1970;..
Croatia;1970;..
Czechia;1970;..
Denmark;1970;6,514841417
Estonia;1970;..
Finland;1970;2,740420431
Germany;1970;3,450249364
Greece;1970;2,841670679
Ireland;1970;8,207190161
Italy;1970;4,968319873
Latvia;1970;..
Luxembourg;1970;4,639353444
Netherlands;1970;3,668930888
Norway;1970;10,63720653
Poland;1970;..
Portugal;1970;6,38014449
Romania;1970;..
Slovenia;1970;..
Spain;1970;5,731144843
Sweden;1970;7,016358851
Switzerland;1970;3,615986786
Austria;1971;4,704258138
Bulgaria;1971;..
Croatia;1971;..
Czechia;1971;..
Denmark;1971;5,869869591
Estonia;1971;..
Finland;1971;6,475765431
Germany;1971;5,240974483
Greece;1971;3,289470722
Ireland;1971;8,961748634
Italy;1971;4,791664383
Latvia;1971;..
Luxembourg;1971;4,67221498
Netherlands;1971;7,477678677
Norway;1971;6,223863235
Poland;1971;1,099999999
Portugal;1971;11,94689837
Romania;1971;..
Slovenia;1971;..
Spain;1971;8,236887149
Sweden;1971;7,395541138
Switzerland;1971;6,573221119
Austria;1972;6,355146127
Bulgaria;1972;..
Croatia;1972;..
Czechia;1972;..
Denmark;1972;6,562360903
Estonia;1972;..
Finland;1972;6,662497835
Germany;1972;5,484933122
Greece;1972;4,331201232
Ireland;1972;8,605817453
Italy;1972;5,749503937
Latvia;1972;..
Luxembourg;1972;5,225680506
Netherlands;1972;7,802792193
Norway;1972;7,25843583
Poland;1972;-0,098911967
Portugal;1972;10,66335598
Romania;1972;..
Slovenia;1972;..
Spain;1972;8,272287549
Sweden;1972;6,007389699
Switzerland;1972;6,660007042
Austria;1973;7,531078038
Bulgaria;1973;..
Croatia;1973;..
Czechia;1973;..
Denmark;1973;9,30338298
Estonia;1973;..
Finland;1973;10,75447188
Germany;1973;7,032023993
Greece;1973;15,38462407
Ireland;1973;11,41485039
Italy;1973;10,79861745
Latvia;1973;..
Luxembourg;1973;6,068098359
Netherlands;1973;8,022209959
Norway;1973;7,419472836
Poland;1973;2,475247525
Portugal;1973;12,97460852
Romania;1973;..
Slovenia;1973;..
Spain;1973;11,41670761
Sweden;1973;6,717997398
Switzerland;1973;8,75467033
Austria;1974;9,521788197
Bulgaria;1974;..
Croatia;1974;..
Czechia;1974;..
Denmark;1974;15,27520622
Estonia;1974;..
Finland;1974;16,9364
Germany;1974;6,986431093
Greece;1974;26,56084659
Ireland;1974;16,97612732
Italy;1974;19,15976959
Latvia;1974;..
Luxembourg;1974;9,540655417
Netherlands;1974;9,591422673
Norway;1974;9,411768132
Poland;1974;7,053140096
Portugal;1974;25,08277786
Romania;1974;..
Slovenia;1974;..
Spain;1974;15,6803734
Sweden;1974;9,911725301
Switzerland;1974;9,767414319
Austria;1975;8,445258639
Bulgaria;1975;..
Croatia;1975;..
Czechia;1975;..
Denmark;1975;9,605612075
Estonia;1975;..
Finland;1975;17,81139723
Germany;1975;5,910336263
Greece;1975;13,62876178
Ireland;1975;20,87585034
Italy;1975;16,95050257
Latvia;1975;..
Luxembourg;1975;10,71767113
Netherlands;1975;10,21747579
Norway;1975;11,68922348
Poland;1975;2,25631769
Portugal;1975;15,27168575
Romania;1975;..
Slovenia;1975;..
Spain;1975;16,95328593
Sweden;1975;9,779873988
Switzerland;1975;6,696595225
Austria;1976;7,318685451
Bulgaria;1976;..
Croatia;1976;..
Czechia;1976;..
Denmark;1976;9,010290836
Estonia;1976;..
Finland;1976;14,34269309
Germany;1976;4,246631023
Greece;1976;13,02427946
Ireland;1976;17,98569586
Italy;1976;16,61416647
Latvia;1976;..
Luxembourg;1976;9,797346437
Netherlands;1976;8,830651586
Norway;1976;9,161472765
Poland;1976;4,413062666
Portugal;1976;21,1419048
Romania;1976;..
Slovenia;1976;..
Spain;1976;17,62488005
Sweden;1976;10,24922465
Switzerland;1976;1,715476323
Austria;1977;5,494615681
Bulgaria;1977;..
Croatia;1977;..
Czechia;1977;..
Denmark;1977;10,92223781
Estonia;1977;..
Finland;1977;11,79334692
Germany;1977;3,734162406
Greece;1977;12,36979709
Ireland;1977;13,47225529
Italy;1977;17,13004879
Latvia;1977;..
Luxembourg;1977;6,705494115
Netherlands;1977;6,399294874
Norway;1977;9,103839712
Poland;1977;4,902789518
Portugal;1977;31,0167491
Romania;1977;..
Slovenia;1977;..
Spain;1977;24,53806329
Sweden;1977;11,44180511
Switzerland;1977;1,295999163
Austria;1978;3,574318576
Bulgaria;1978;..
Croatia;1978;..
Czechia;1978;..
Denmark;1978;10,21365457
Estonia;1978;..
Finland;1978;7,799350746
Germany;1978;2,718696961
Greece;1978;12,57242567
Ireland;1978;7,711112146
Italy;1978;12,09401384
Latvia;1978;..
Luxembourg;1978;3,094660774
Netherlands;1978;4,112011963
Norway;1978;8,161671543
Poland;1978;8,101265823
Portugal;1978;21,03877236
Romania;1978;..
Slovenia;1978;..
Spain;1978;19,7736705
Sweden;1978;9,995265417
Switzerland;1978;1,028792895
Austria;1979;3,707400964
Bulgaria;1979;..
Croatia;1979;..
Czechia;1979;..
Denmark;1979;9,611050379
Estonia;1979;..
Finland;1979;7,466961513
Germany;1979;4,043620065
Greece;1979;19,09417468
Ireland;1979;13,29546882
Italy;1979;14,79857357
Latvia;1979;..
Luxembourg;1979;4,54652779
Netherlands;1979;4,199299902
Norway;1979;4,509727612
Poland;1979;7,025761124
Portugal;1979;21,89922481
Romania;1979;..
Slovenia;1979;..
Spain;1979;15,6602356
Sweden;1979;7,20978617
Switzerland;1979;3,647640106
Austria;1980;6,328325362
Bulgaria;1980;..
Croatia;1980;..
Czechia;1980;..
Denmark;1980;12,30532408
Estonia;1980;..
Finland;1980;11,59461925
Germany;1980;5,441057545
Greece;1980;24,67589397
Ireland;1980;18,15446226
Italy;1980;21,06416828
Latvia;1980;..
Luxembourg;1980;6,299900062
Netherlands;1980;6,513455455
Norway;1980;10,87866109
Poland;1980;9,682713348
Portugal;1980;15,86748038
Romania;1980;..
Slovenia;1980;..
Spain;1980;15,5619021
Sweden;1980;13,70632236
Switzerland;1980;4,022500848
Austria;1981;6,803041776
Bulgaria;1981;..
Croatia;1981;..
Czechia;1981;..
Denmark;1981;11,76738743
Estonia;1981;..
Finland;1981;11,30575665
Germany;1981;6,344242777
Greece;1981;24,5060676
Ireland;1981;20,37351107
Italy;1981;17,96929875
Latvia;1981;..
Luxembourg;1981;8,072943759
Netherlands;1981;6,738926552
Norway;1981;13,64296081
Poland;1981;19,12718204
Portugal;1981;19,04041075
Romania;1981;..
Slovenia;1981;42,62295273
Spain;1981;14,54934572
Sweden;1981;12,10393853
Switzerland;1981;6,49030964
Austria;1982;5,436030825
Bulgaria;1982;..
Croatia;1982;..
Czechia;1982;..
Denmark;1982;10,12082568
Estonia;1982;..
Finland;1982;9,584927647
Germany;1982;5,241045072
Greece;1982;20,99108862
Ireland;1982;17,1471262
Italy;1982;16,48041462
Latvia;1982;..
Luxembourg;1982;9,357050994
Netherlands;1982;5,911096585
Norway;1982;11,34099617
Poland;1982;103,5587189
Portugal;1982;21,67928373
Romania;1982;..
Slovenia;1982;30,1125436
Spain;1982;14,41500205
Sweden;1982;8,58918509
Switzerland;1982;5,655101824
Austria;1983;3,339164534
Bulgaria;1983;..
Croatia;1983;..
Czechia;1983;..
Denmark;1983;6,908228812
Estonia;1983;..
Finland;1983;8,366292606
Germany;1983;3,293414743
Greece;1983;20,17948129
Ireland;1983;10,44762553
Italy;1983;14,64657667
Latvia;1983;..
Luxembourg;1983;8,669271598
Netherlands;1983;2,740840332
Norway;1983;8,465244322
Poland;1983;25,53475936
Portugal;1983;24,00276238
Romania;1983;..
Slovenia;1983;40,21349184
Spain;1983;12,17407274
Sweden;1983;8,873021524
Switzerland;1983;2,949794435
Austria;1984;5,663185739
Bulgaria;1984;..
Croatia;1984;..
Czechia;1984;..
Denmark;1984;6,29077936
Estonia;1984;..
Finland;1984;7,067656383
Germany;1984;2,405793399
Greece;1984;18,45681321
Ireland;1984;8,651110538
Italy;1984;10,79449601
Latvia;1984;..
Luxembourg;1984;6,435857808
Netherlands;1984;3,301640758
Norway;1984;6,218274112
Poland;1984;15,40099943
Portugal;1984;28,38463889
Romania;1984;..
Slovenia;1984;53,67196691
Spain;1984;11,28027656
Sweden;1984;8,04424239
Switzerland;1984;2,931456691
Austria;1985;3,189516818
Bulgaria;1985;..
Croatia;1985;..
Czechia;1985;..
Denmark;1985;4,678751452
Estonia;1985;..
Finland;1985;5,195621954
Germany;1985;2,066233012
Greece;1985;19,31469294
Ireland;1985;5,395486202
Italy;1985;9,205991443
Latvia;1985;..
Luxembourg;1985;4,093587785
Netherlands;1985;2,25858443
Norway;1985;5,71485464
Poland;1985;11,52126074
Portugal;1985;19,46141001
Romania;1985;..
Slovenia;1985;79,40638115
Spain;1985;8,814455067
Sweden;1985;7,372574581
Switzerland;1985;3,435399353
Austria;1986;1,705444567
Bulgaria;1986;2,7
Croatia;1986;50
Czechia;1986;..
Denmark;1986;3,678184119
Estonia;1986;..
Finland;1986;2,933579204
Germany;1986;-0,129413361
Greece;1986;23,01545082
Ireland;1986;3,827041665
Italy;1986;5,823546919
Latvia;1986;..
Luxembourg;1986;0,294563409
Netherlands;1986;0,083346777
Norway;1986;7,176492748
Poland;1986;16,54996817
Portugal;1986;12,33133349
Romania;1986;..
Slovenia;1986;95,88650521
Spain;1986;8,794939323
Sweden;1986;4,235910111
Switzerland;1986;0,750309839
Austria;1987;1,401952718
Bulgaria;1987;2,726387537
Croatia;1987;133,3332637
Czechia;1987;..
Denmark;1987;4,019993457
Estonia;1987;..
Finland;1987;4,113028862
Germany;1987;0,249906109
Greece;1987;16,39686316
Ireland;1987;3,159410348
Italy;1987;4,747284904
Latvia;1987;..
Luxembourg;1987;-0,056662909
Netherlands;1987;-0,691210481
Norway;1987;8,717047452
Poland;1987;26,37902785
Portugal;1987;9,634831862
Romania;1987;..
Slovenia;1987;132,072721
Spain;1987;5,248018635
Sweden;1987;4,188571518
Switzerland;1987;1,44032188
Austria;1988;1,915716847
Bulgaria;1988;2,369668246
Croatia;1988;185,7142857
Czechia;1988;..
Denmark;1988;4,53513301
Estonia;1988;..
Finland;1988;5,085928614
Germany;1988;1,27411894
Greece;1988;13,52885832
Ireland;1988;2,134569891
Italy;1988;5,058247477
Latvia;1988;..
Luxembourg;1988;1,436590566
Netherlands;1988;0,737950688
Norway;1988;6,676365988
Poland;1988;58,72082973
Portugal;1988;10,10163212
Romania;1988;..
Slovenia;1988;198,7537129
Spain;1988;4,837270665
Sweden;1988;5,824898684
Switzerland;1988;1,872468597
Austria;1989;2,56834829
Bulgaria;1989;6,388888889
Croatia;1989;1400
Czechia;1989;..
Denmark;1989;4,772723424
Estonia;1989;..
Finland;1989;6,592909802
Germany;1989;2,780569556
Greece;1989;13,65556387
Ireland;1989;4,089053882
Italy;1989;6,25983138
Latvia;1989;..
Luxembourg;1989;3,370958873
Netherlands;1989;1,082158103
Norway;1989;4,546143355
Poland;1989;244,550933
Portugal;1989;12,68630365
Romania;1989;..
Slovenia;1989;1281,443494
Spain;1989;6,79143584
Sweden;1989;6,443275874
Switzerland;1989;3,155269797
Austria;1990;3,261872319
Bulgaria;1990;23,8
Croatia;1990;500
Czechia;1990;..
Denmark;1990;2,641603064
Estonia;1990;..
Finland;1990;6,149565312
Germany;1990;2,696468243
Greece;1990;20,43349911
Ireland;1990;3,317328867
Italy;1990;6,456609061
Latvia;1990;..
Luxembourg;1990;3,253766591
Netherlands;1990;2,454091848
Norway;1990;4,131033483
Poland;1990;567,8788007
Portugal;1990;13,63057057
Romania;1990;..
Slovenia;1990;552,0835289
Spain;1990;6,721819522
Sweden;1990;10,36655339
Switzerland;1990;5,403959092
Austria;1991;3,337427035
Bulgaria;1991;338,4491115
Croatia;1991;122,2222222
Czechia;1991;..
Denmark;1991;2,395153317
Estonia;1991;..
Finland;1991;4,310212898
Germany;1991;4,047032598
Greece;1991;19,45584564
Ireland;1991;3,210810371
Italy;1991;6,249999298
Latvia;1991;..
Luxembourg;1991;3,118356599
Netherlands;1991;3,158200415
Norway;1991;3,438195991
Poland;1991;76,76949921
Portugal;1991;11,84948418
Romania;1991;230,6224949
Slovenia;1991;114,8329356
Spain;1991;5,934213443
Sweden;1991;9,444627329
Switzerland;1991;5,859596635
Austria;1992;4,0208478
Bulgaria;1992;91,29793273
Croatia;1992;625
Czechia;1992;11,08650007
Denmark;1992;2,096044429
Estonia;1992;..
Finland;1992;2,919323193
Germany;1992;5,056977967
Greece;1992;15,87707379
Ireland;1992;3,069998538
Italy;1992;5,270589986
Latvia;1992;951,6961949
Luxembourg;1992;3,15417376
Netherlands;1992;3,183581818
Norway;1992;2,328085049
Poland;1992;46,0985621
Portugal;1992;9,559260332
Romania;1992;211,2055876
Slovenia;1992;209,9337312
Spain;1992;5,924531262
Sweden;1992;2,374367251
Switzerland;1992;4,037030208
Austria;1993;3,631785249
Bulgaria;1993;72,87879139
Croatia;1993;1500
Czechia;1993;20,81302954
Denmark;1993;1,25785668
Estonia;1993;89,81194903
Finland;1993;2,190653196
Germany;1993;4,474576508
Greece;1993;14,41126444
Ireland;1993;1,469415224
Italy;1993;4,626734683
Latvia;1993;108,9895406
Luxembourg;1993;3,588098185
Netherlands;1993;2,584184487
Norway;1993;2,288269332
Poland;1993;36,96416661
Portugal;1993;6,783779947
Romania;1993;255,1668618
Slovenia;1993;31,76213063
Spain;1993;4,569071737
Sweden;1993;4,728173046
Switzerland;1993;3,292621803
Austria;1994;2,953409368
Bulgaria;1994;96,05733827
Croatia;1994;107,3275862
Czechia;1994;10,03942984
Denmark;1994;1,992014638
Estonia;1994;47,65469062
Finland;1994;1,088556776
Germany;1994;2,693056399
Greece;1994;10,87407568
Ireland;1994;2,309201926
Italy;1994;4,051842181
Latvia;1994;35,92470539
Luxembourg;1994;2,194764687
Netherlands;1994;2,801524633
Norway;1994;1,375674981
Poland;1994;32,99127661
Portugal;1994;5,420440192
Romania;1994;136,7593928
Slovenia;1994;20,99181805
Spain;1994;4,71841374
Sweden;1994;2,158138007
Switzerland;1994;0,852116995
Austria;1995;2,243366315
Bulgaria;1995;62,05483368
Croatia;1995;3,95010395
Czechia;1995;8,990523615
Denmark;1995;2,083608424
Estonia;1995;28,77661372
Finland;1995;0,791239407
Germany;1995;1,706160413
Greece;1995;8,93451416
Ireland;1995;2,524864468
Italy;1995;5,23542258
Latvia;1995;24,97593553
Luxembourg;1995;1,86769425
Netherlands;1995;1,923220035
Norway;1995;2,460367787
Poland;1995;27,95138856
Portugal;1995;4,222816141
Romania;1995;32,24248473
Slovenia;1995;13,46372962
Spain;1995;4,673803376
Sweden;1995;2,455148578
Switzerland;1995;1,799827769
Austria;1996;1,860971158
Bulgaria;1996;121,6075424
Croatia;1996;4,3
Czechia;1996;8,758774729
Denmark;1996;2,126298023
Estonia;1996;23,05034335
Finland;1996;0,629194238
Germany;1996;1,44972702
Greece;1996;8,194552176
Ireland;1996;1,755744696
Italy;1996;4,00697669
Latvia;1996;17,61046984
Luxembourg;1996;1,183859688
Netherlands;1996;1,949367132
Norway;1996;1,262532492
Poland;1996;19,79496692
Portugal;1996;3,068977325
Romania;1996;38,82930134
Slovenia;1996;9,864450615
Spain;1996;3,558845593
Sweden;1996;0,533131979
Switzerland;1996;0,811634065
Austria;1997;1,305978572
Bulgaria;1997;1058,373559
Croatia;1997;4,170661553
Czechia;1997;8,596156667
Denmark;1997;2,182166779
Estonia;1997;10,58187893
Finland;1997;1,192558834
Germany;1997;1,939371989
Greece;1997;5,536002668
Ireland;1997;1,541802023
Italy;1997;2,043107798
Latvia;1997;8,447383421
Luxembourg;1997;1,367512612
Netherlands;1997;2,109245627
Norway;1997;2,566923359
Poland;1997;14,91315861
Portugal;1997;2,336862983
Romania;1997;154,7634804
Slovenia;1997;8,359679907
Spain;1997;1,971073956
Sweden;1997;0,658410256
Switzerland;1997;0,520225423
Austria;1998;0,922467197
Bulgaria;1998;18,67220444
Croatia;1998;6,396686608
Czechia;1998;10,69836553
Denmark;1998;1,84565122
Estonia;1998;8,208333333
Finland;1998;1,399473786
Germany;1998;0,911183535
Greece;1998;4,766225724
Ireland;1998;2,407680945
Italy;1998;1,955085577
Latvia;1998;4,644214227
Luxembourg;1998;0,95857011
Netherlands;1998;1,959136323
Norway;1998;2,2524133
Poland;1998;11,59785543
Portugal;1998;2,572752259
Romania;1998;59,09658275
Slovenia;1998;7,891166829
Spain;1998;1,834329999
Sweden;1998;-0,267132668
Switzerland;1998;0,017938438
Austria;1999;0,568993766
Bulgaria;1999;2,573042819
Croatia;1999;4,019138756
Czechia;1999;2,135448444
Denmark;1999;2,497795444
Estonia;1999;3,296110897
Finland;1999;1,162231557
Germany;1999;0,585433064
Greece;1999;2,63663306
Ireland;1999;1,629886052
Italy;1999;1,66345995
Latvia;1999;2,364818361
Luxembourg;1999;1,025196765
Netherlands;1999;2,157179181
Norway;1999;2,365967366
Poland;1999;7,154072912
Portugal;1999;2,340094903
Romania;1999;45,80378113
Slovenia;1999;6,155587545
Spain;1999;2,31034814
Sweden;1999;0,462175756
Switzerland;1999;0,806444381
Austria;2000;2,344862854
Bulgaria;2000;10,31626213
Croatia;2000;4,611315547
Czechia;2000;3,775388292
Denmark;2000;2,903282032
Estonia;2000;4,018489525
Finland;2000;3,042100807
Germany;2000;1,440268387
Greece;2000;3,151181625
Ireland;2000;5,577632699
Italy;2000;2,537685321
Latvia;2000;2,654254778
Luxembourg;2000;3,15076707
Netherlands;2000;2,360522338
Norway;2000;3,085506091
Poland;2000;9,900175388
Portugal;2000;2,853030393
Romania;2000;45,66659404
Slovenia;2000;8,911744187
Spain;2000;3,433515634
Sweden;2000;0,899143734
Switzerland;2000;1,558529197
Austria;2001;2,650000773
Bulgaria;2001;7,360939272
Croatia;2001;3,776702467
Czechia;2001;4,66267557
Denmark;2001;2,337870003
Estonia;2001;5,748279817
Finland;2001;2,578440801
Germany;2001;1,983857313
Greece;2001;3,373968322
Ireland;2001;4,852802796
Italy;2001;2,785165427
Latvia;2001;2,487040036
Luxembourg;2001;2,663821106
Netherlands;2001;4,155841272
Norway;2001;3,00419704
Poland;2001;5,408335456
Portugal;2001;4,369903306
Romania;2001;34,47701235
Slovenia;2001;8,379665875
Spain;2001;3,589834133
Sweden;2001;2,405958341
Switzerland;2001;0,98902033
Austria;2002;1,810357878
Bulgaria;2002;5,810143657
Croatia;2002;1,671784374
Czechia;2002;1,90298097
Denmark;2002;2,424436612
Estonia;2002;3,571912702
Finland;2002;1,571220128
Germany;2002;1,420806156
Greece;2002;3,629358719
Ireland;2002;4,628205128
Italy;2002;2,465323192
Latvia;2002;1,938875739
Luxembourg;2002;2,074086136
Netherlands;2002;3,287531047
Norway;2002;1,286725284
Poland;2002;1,90528215
Portugal;2002;3,600346583
Romania;2002;22,53988626
Slovenia;2002;7,480777707
Spain;2002;3,065656859
Sweden;2002;2,158482136
Switzerland;2002;0,642711507
Austria;2003;1,355553709
Bulgaria;2003;2,348641696
Croatia;2003;1,767337808
Czechia;2003;0,118739206
Denmark;2003;2,075078206
Estonia;2003;1,334991165
Finland;2003;0,877440386
Germany;2003;1,034222186
Greece;2003;3,530650278
Ireland;2003;3,492219091
Italy;2003;2,672555528
Latvia;2003;2,942647529
Luxembourg;2003;2,049840306
Netherlands;2003;2,09199839
Norway;2003;2,487825535
Poland;2003;0,682701376
Portugal;2003;3,218990907
Romania;2003;15,27348899
Slovenia;2003;5,544164218
Spain;2003;3,038888394
Sweden;2003;1,925655349
Switzerland;2003;0,638272931
Austria;2004;2,06120618
Bulgaria;2004;6,147130742
Croatia;2004;2,055396791
Czechia;2004;2,760107817
Denmark;2004;1,154356931
Estonia;2004;3,048111075
Finland;2004;0,187120559
Germany;2004;1,665736967
Greece;2004;2,898848108
Ireland;2004;2,178546057
Italy;2004;2,206736614
Latvia;2004;6,192385472
Luxembourg;2004;2,225679164
Netherlands;2004;1,263647392
Norway;2004;0,454498502
Poland;2004;3,382646819
Portugal;2004;2,365362041
Romania;2004;11,87436359
Slovenia;2004;3,592975942
Spain;2004;3,039248811
Sweden;2004;0,373659829
Switzerland;2004;0,802908731
Austria;2005;2,299137856
Bulgaria;2005;5,038838071
Croatia;2005;3,317178244
Czechia;2005;1,857097891
Denmark;2005;1,817814583
Estonia;2005;4,079714232
Finland;2005;0,62387445
Germany;2005;1,546911148
Greece;2005;3,545072733
Ireland;2005;2,456546929
Italy;2005;1,985292985
Latvia;2005;6,748450279
Luxembourg;2005;2,487696652
Netherlands;2005;1,688130179
Norway;2005;1,532133676
Poland;2005;2,183798724
Portugal;2005;2,277163949
Romania;2005;9,014912833
Slovenia;2005;2,451501323
Spain;2005;3,368814098
Sweden;2005;0,453170853
Switzerland;2005;1,171954203
Austria;2006;1,441548511
Bulgaria;2006;7,261594628
Croatia;2006;3,189825915
Czechia;2006;2,533992583
Denmark;2006;1,924221385
Estonia;2006;4,437620424
Finland;2006;1,566663807
Germany;2006;1,577426428
Greece;2006;3,195946841
Ireland;2006;3,93576114
Italy;2006;2,09084391
Latvia;2006;6,536199088
Luxembourg;2006;2,666314946
Netherlands;2006;1,101501065
Norway;2006;2,329349808
Poland;2006;1,284693944
Portugal;2006;3,107665459
Romania;2006;6,558514123
Slovenia;2006;2,457924442
Spain;2006;3,515575768
Sweden;2006;1,360214686
Switzerland;2006;1,059509283
Austria;2007;2,168555288
Bulgaria;2007;8,40253419
Croatia;2007;2,899282756
Czechia;2007;2,853124372
Denmark;2007;1,693265862
Estonia;2007;6,601326031
Finland;2007;2,510665652
Germany;2007;2,298344007
Greece;2007;2,895003215
Ireland;2007;4,885745375
Italy;2007;1,829741122
Latvia;2007;10,09297758
Luxembourg;2007;2,312458618
Netherlands;2007;1,613858598
Norway;2007;0,712589074
Poland;2007;2,458743124
Portugal;2007;2,453965281
Romania;2007;4,837329283
Slovenia;2007;3,657495633
Spain;2007;2,786797458
Sweden;2007;2,212168834
Switzerland;2007;0,732350603
Austria;2008;3,215950332
Bulgaria;2008;12,3487196
Croatia;2008;6,076968388
Czechia;2008;6,358663802
Denmark;2008;3,416267943
Estonia;2008;10,36235803
Finland;2008;4,065953554
Germany;2008;2,628379816
Greece;2008;4,152797081
Ireland;2008;4,035688349
Italy;2008;3,347832584
Latvia;2008;15,40231911
Luxembourg;2008;3,40187963
Netherlands;2008;2,486501983
Norway;2008;3,753930818
Poland;2008;4,164971935
Portugal;2008;2,588506577
Romania;2008;7,850802557
Slovenia;2008;5,647423806
Spain;2008;4,07534336
Sweden;2008;3,437049106
Switzerland;2008;2,426041171
Austria;2009;0,506308828
Bulgaria;2009;2,753202239
Croatia;2009;2,378528459
Czechia;2009;1,019377353
Denmark;2009;1,30470991
Estonia;2009;-0,078408311
Finland;2009;-9,17E-07
Germany;2009;0,312739007
Greece;2009;1,210072692
Ireland;2009;-4,447546869
Italy;2009;0,774768131
Latvia;2009;3,534106729
Luxembourg;2009;0,368041998
Netherlands;2009;1,18977687
Norway;2009;2,197385869
Poland;2009;3,795392425
Portugal;2009;-0,835530022
Romania;2009;5,587420043
Slovenia;2009;0,839262247
Spain;2009;-0,287813084
Sweden;2009;-0,494460544
Switzerland;2009;-0,480481936
Austria;2010;1,81353439
Bulgaria;2010;2,438990605
Croatia;2010;1,030555053
Czechia;2010;1,472727273
Denmark;2010;2,31092437
Estonia;2010;2,97204512
Finland;2010;1,184135232
Germany;2010;1,103810378
Greece;2010;4,712989078
Ireland;2010;-0,918388645
Italy;2010;1,525516021
Latvia;2010;-1,08463595
Luxembourg;2010;2,273679116
Netherlands;2010;1,275305696
Norway;2010;2,418906395
Poland;2010;2,580693703
Portugal;2010;1,402572899
Romania;2010;6,091416686
Slovenia;2010;1,801170221
Spain;2010;1,799864577
Sweden;2010;1,157988027
Switzerland;2010;0,688238707
Austria;2011;3,286579149
Bulgaria;2011;4,219903466
Croatia;2011;2,272727273
Czechia;2011;1,917219136
Denmark;2011;2,758682261
Estonia;2011;4,981901315
Finland;2011;3,416807543
Germany;2011;2,075172837
Greece;2011;3,329853234
Ireland;2011;2,548978302
Italy;2011;2,780632729
Latvia;2011;4,370735599
Luxembourg;2011;3,410683411
Netherlands;2011;2,341070178
Norway;2011;1,284951588
Poland;2011;4,239401496
Portugal;2011;3,653011004
Romania;2011;5,789253288
Slovenia;2011;1,802851719
Spain;2011;3,196101888
Sweden;2011;2,961150738
Switzerland;2011;0,231349208
Austria;2012;2,485675622
Bulgaria;2012;2,954568298
Croatia;2012;3,412073491
Czechia;2012;3,287623066
Denmark;2012;2,397914857
Estonia;2012;3,933399873
Finland;2012;2,808336226
Germany;2012;2,008488848
Greece;2012;1,501526962
Ireland;2012;1,694741167
Italy;2012;3,041363332
Latvia;2012;2,257789244
Luxembourg;2012;2,662841655
Netherlands;2012;2,455547653
Norway;2012;0,696864111
Poland;2012;3,560371517
Portugal;2012;2,773338541
Romania;2012;3,334922677
Slovenia;2012;2,59741386
Spain;2012;2,446127824
Sweden;2012;0,888377507
Switzerland;2012;-0,692552018
Austria;2013;2,000156169
Bulgaria;2013;0,890093541
Croatia;2013;2,216582064
Czechia;2013;1,438297872
Denmark;2013;0,78907178
Estonia;2013;2,78056659
Finland;2013;1,478286157
Germany;2013;1,504723303
Greece;2013;-0,921269454
Ireland;2013;0,515099485
Italy;2013;1,219993423
Latvia;2013;-0,029454778
Luxembourg;2013;1,734039635
Netherlands;2013;2,506898527
Norway;2013;2,120486204
Poland;2013;0,991982606
Portugal;2013;0,274416667
Romania;2013;3,984712355
Slovenia;2013;1,769200859
Spain;2013;1,408581092
Sweden;2013;-0,04429297
Switzerland;2013;-0,217323155
Austria;2014;1,60581183
Bulgaria;2014;-1,418183803
Croatia;2014;-0,21519616
Czechia;2014;0,34398859
Denmark;2014;0,56402054
Estonia;2014;-0,106175147
Finland;2014;1,041196212
Germany;2014;0,906794
Greece;2014;-1,312260964
Ireland;2014;0,190916399
Italy;2014;0,24104743
Latvia;2014;0,620490637
Luxembourg;2014;0,628543985
Netherlands;2014;0,97603508
Norway;2014;2,041702867
Poland;2014;0,053821313
Portugal;2014;-0,278153367
Romania;2014;1,068309877
Slovenia;2014;0,199343827
Spain;2014;-0,151114838
Sweden;2014;-0,179638494
Switzerland;2014;-0,013202539
Austria;2015;0,896563335
Bulgaria;2015;-0,104633261
Croatia;2015;-0,464499005
Czechia;2015;0,309364548
Denmark;2015;0,452034154
Estonia;2015;-0,492326007
Finland;2015;-0,20792884
Germany;2015;0,514426137
Greece;2015;-1,735888048
Ireland;2015;-0,330959783
Italy;2015;0,0387904
Latvia;2015;0,174242244
Luxembourg;2015;0,474743161
Netherlands;2015;0,600248147
Norway;2015;2,171136654
Poland;2015;-0,874125874
Portugal;2015;0,487938624
Romania;2015;-0,594156437
Slovenia;2015;-0,525552286
Spain;2015;-0,50036571
Sweden;2015;-0,046784745
Switzerland;2015;-1,143908672
Austria;2016;0,891591753
Bulgaria;2016;-0,798649886
Croatia;2016;-1,125
Czechia;2016;0,683504209
Denmark;2016;0,25
Estonia;2016;0,148684908
Finland;2016;0,356684501
Germany;2016;0,491747008
Greece;2016;-0,825653978
Ireland;2016;0,020124774
Italy;2016;-0,094016657
Latvia;2016;0,140633335
Luxembourg;2016;0,290833333
Netherlands;2016;0,316666667
Norway;2016;3,55
Poland;2016;-0,664767331
Portugal;2016;0,607397075
Romania;2016;-1,544796668
Slovenia;2016;-0,054999542
Spain;2016;-0,202598
Sweden;2016;0,984269245
Switzerland;2016;-0,434618664
Austria;2017;2,081269114
Bulgaria;2017;2,061596194
Croatia;2017;1,129372103
Czechia;2017;2,450533985
Denmark;2017;1,14713217
Estonia;2017;3,417235495
Finland;2017;0,754015047
Germany;2017;1,509494851
Greece;2017;1,12125452
Ireland;2017;0,362173038
Italy;2017;1,226533166
Latvia;2017;2,930363124
Luxembourg;2017;1,730799591
Netherlands;2017;1,381458714
Norway;2017;1,875100596
Poland;2017;2,075935537
Portugal;2017;1,368614116
Romania;2017;1,339021211
Slovenia;2017;1,429107433
Spain;2017;1,956076334
Sweden;2017;1,794499047
Switzerland;2017;0,53378784
Austria;2018;1,998379814
Bulgaria;2018;2,814544738
Croatia;2018;1,50012501
Czechia;2018;2,149494949
Denmark;2018;0,813609467
Estonia;2018;3,436326884
Finland;2018;1,083820984
Germany;2018;1,732168798
Greece;2018;0,625621413
Ireland;2018;0,471130714
Italy;2018;1,137487636
Latvia;2018;2,534454242
Luxembourg;2018;1,528195243
Netherlands;2018;1,703497947
Norway;2018;2,764831345
Poland;2018;1,812951565
Portugal;2018;0,993715683
Romania;2018;4,625484431
Slovenia;2018;1,73860862
Spain;2018;1,674981369
Sweden;2018;1,953535301
Switzerland;2018;0,936335464
Austria;2019;1,530895642
Bulgaria;2019;3,103729448
Croatia;2019;0,771820346
Czechia;2019;2,847875959
Denmark;2019;0,758131573
Estonia;2019;2,277259312
Finland;2019;1,02409393
Germany;2019;1,445659769
Greece;2019;0,253007522
Ireland;2019;0,937842961
Italy;2019;0,611246944
Latvia;2019;2,811409201
Luxembourg;2019;1,743320757
Netherlands;2019;2,633699102
Norway;2019;2,167730033
Poland;2019;2,227478809
Portugal;2019;0,33817841
Romania;2019;3,827854326
Slovenia;2019;1,630522608
Spain;2019;0,699518994
Sweden;2019;1,784150974
Switzerland;2019;0,36288618
Austria;2020;1,381910634
Bulgaria;2020;1,672440969
Croatia;2020;0,154811375
Czechia;2020;3,161295285
Denmark;2020;0,420711974
Estonia;2020;-0,444531098
Finland;2020;0,290554556
Germany;2020;0,144877926
Greece;2020;-1,247983556
Ireland;2020;-0,326183651
Italy;2020;-0,137707574
Latvia;2020;0,219064905
Luxembourg;2020;0,819957302
Netherlands;2020;1,272460378
Norway;2020;1,286584907
Poland;2020;3,374469726
Portugal;2020;-0,01243833
Romania;2020;2,631073112
Slovenia;2020;-0,054856816
Spain;2020;-0,322753017
Sweden;2020;0,497367319
Switzerland;2020;-0,725874933
Austria;2021;2,766666667
Bulgaria;2021;3,297744353
Croatia;2021;2,554506996
Czechia;2021;3,839844915
Denmark;2021;1,85304544
Estonia;2021;4,653166738
Finland;2021;2,194574323
Germany;2021;3,066666667
Greece;2021;1,22382501
Ireland;2021;2,340341134
Italy;2021;1,873783258
Latvia;2021;3,275829374
Luxembourg;2021;2,526920091
Netherlands;2021;2,675720088
Norway;2021;3,483880553
Poland;2021;5,055027047
Portugal;2021;1,265657191
Romania;2021;5,052328761
Slovenia;2021;1,917065061
Spain;2021;3,09313512
Sweden;2021;2,163197364
Switzerland;2021;0,581814168
Austria;2022;8,546869932
Bulgaria;2022;15,32525893
Croatia;2022;10,78058068
Czechia;2022;15,10016515
Denmark;2022;7,696566999
Estonia;2022;19,39826341
Finland;2022;7,123507733
Germany;2022;6,872574386
Greece;2022;9,645259813
Ireland;2022;7,829457364
Italy;2022;8,201289912
Latvia;2022;17,31028302
Luxembourg;2022;6,336008078
Netherlands;2022;10,00120788
Norway;2022;5,764123179
Poland;2022;14,42945076
Portugal;2022;7,832691242
Romania;2022;13,79548874
Slovenia;2022;8,833698867
Spain;2022;8,390576341
Sweden;2022;8,369290989
Switzerland;2022;2,835027986
Austria;2023;7,81413417
Bulgaria;2023;9,442841401
Croatia;2023;7,941281776
Czechia;2023;10,66126014
Denmark;2023;3,305178112
Estonia;2023;9,15922508
Finland;2023;6,250643222
Germany;2023;5,946436677
Greece;2023;3,464801285
Ireland;2023;6,299424874
Italy;2023;5,622194422
Latvia;2023;8,938046233
Luxembourg;2023;3,74140362
Netherlands;2023;3,838393543
Norway;2023;5,517849871
Poland;2023;11,5289128
Portugal;2023;4,311281919
Romania;2023;10,39718748
Slovenia;2023;7,446877174
Spain;2023;3,532361335
Sweden;2023;8,548624897
Switzerland;2023;2,13540088
