countryname;samlet_partyname;edate;samlet_party;partyname_samlet;pervote_samlet;seats_samlet;avg_vote_share;i_parlament;lagged_pervote_samlet;lagged_i_parlament
Austria;Alternative List Austria;24-04-1983;1739;ALO;1,4;0;1,4;0;0;0
Austria;Green Alternative;23-11-1986;42110;GA;4,823;8;8,2;1;0;0
Austria;United Greens Austria;07-10-1990;1740;VGO;2;0;2;0;0;0
Austria;Green Alternative;07-10-1990;42110;GA;4,784;10;8,2;1;4,823;1
Austria;The Greens;09-10-1994;42110;GRÜNE;7,307;13;8,2;1;4,784;1
Austria;The Greens;17-12-1995;42110;GRÜNE;4,815;9;8,2;1;7,307;1
Austria;The Greens;03-10-1999;42110;GRÜNE;7,4;14;8,2;1;4,815;1
Austria;The Greens;24-11-2002;42110;GRÜNE;9,47;17;8,2;1;7,4;1
Austria;The Greens;01-10-2006;42110;GRÜNE;11,05;21;8,2;1;9,47;1
Austria;The Greens;28-09-2008;42110;GRÜNE;10,43;20;8,2;1;11,05;1
Austria;The Greens;29-09-2013;42110;GRÜNE;12,416;24;8,2;1;10,43;1
Austria;The Greens;15-10-2017;42110;GRÜNE;3,8;0;8,2;0;12,416;1
Austria;Peter Pilz List;15-10-2017;42120;PILZ;4,409;8;3,15;1;NA;NA
Austria;The Greens;29-09-2019;42110;GRÜNE;13,9;26;8,2;1;3,8;0
Austria;JETZT -- Pilz List;29-09-2019;42120;PILZ;1,9;0;3,15;0;4,409;1
Bulgaria;New Times;25-06-2005;2180;NV;2,95;0;2,95;0;0;0
Croatia;Sustainable Development of Croatia;08-11-2015;2382;ORaH;1,73;0;1,73;0;0;0
Croatia;We Can! -- Political Platform;05-07-2020;2810;M!;6,99;7;6,99;1;0;0
Czech Republic;Green Party;20-06-1998;82110;SZ;1,12;0;2,74375;0;0;0
Czech Republic;Green Party;15-06-2002;82110;SZ;2,36;0;2,74375;0;1,12;0
Czech Republic;Green Party;03-06-2006;82110;SZ;6,29;6;2,74375;1;2,36;0
Czech Republic;Green Party;29-05-2010;82110;SZ;2,44;0;2,74375;0;6,29;1
Czech Republic;Green Party;25-10-2013;82110;SZ;3,19;0;2,74375;0;2,44;0
Czech Republic;Green Party;21-10-2017;82110;SZ;1,46;0;2,74375;0;3,2;0
Czech Republic;Green Party;09-10-2021;82110;SZ;0,99;0;2,74375;0;1,46;0
Denmark;Socialist Peoples Party;15-11-1960;13230;SF;6,1;11;8,139130435;1;0;0
Denmark;Socialist Peoples Party;22-09-1964;13230;SF;5,8;10;8,139130435;1;6,1;1
Denmark;Socialist Peoples Party;22-11-1966;13230;SF;10,9;20;8,139130435;1;5,8;1
Denmark;Socialist Peoples Party;23-01-1968;13230;SF;6,1;11;8,139130435;1;10,9;1
Denmark;Socialist Peoples Party;21-09-1971;13230;SF;9,1;17;8,139130435;1;6,1;1
Denmark;Socialist Peoples Party;04-12-1973;13230;SF;6;11;8,139130435;1;9,1;1
Denmark;Socialist Peoples Party;09-01-1975;13230;SF;5;9;8,139130435;1;6;1
Denmark;Socialist Peoples Party;15-02-1977;13230;SF;3,9;7;8,139130435;1;5;1
Denmark;Socialist Peoples Party;23-10-1979;13230;SF;5,9;11;8,139130435;1;3,9;1
Denmark;Socialist Peoples Party;08-12-1981;13230;SF;11,3;21;8,139130435;1;5,9;1
Denmark;Socialist Peoples Party;10-01-1984;13230;SF;11,5;21;8,139130435;1;11,3;1
Denmark;Greens;08-09-1987;797;Gron;1,3;0;1,35;0;0;0
Denmark;Socialist Peoples Party;08-09-1987;13230;SF;14,6;27;8,139130435;1;11,5;1
Denmark;Greens;10-05-1988;797;Gron;1,4;0;1,35;0;1,3;0
Denmark;Socialist Peoples Party;10-05-1988;13230;SF;13;24;8,139130435;1;14,6;1
Denmark;Socialist Peoples Party;12-12-1990;13230;SF;8,3;15;8,139130435;1;13;1
Denmark;Socialist Peoples Party;21-09-1994;13230;SF;7,3;13;8,139130435;1;8,3;1
Denmark;Socialist Peoples Party;11-03-1998;13230;SF;7,6;13;8,139130435;1;7,3;1
Denmark;Socialist Peoples Party;20-11-2001;13230;SF;6,4;12;8,139130435;1;7,6;1
Denmark;Socialist Peoples Party;08-02-2005;13230;SF;6;11;8,139130435;1;6,4;1
Denmark;Socialist Peoples Party;13-11-2007;13230;SF;13;23;8,139130435;1;6;1
Denmark;Socialist Peoples Party;15-09-2011;13230;SF;9,2;16;8,139130435;1;13;1
Denmark;The Alternative;18-06-2015;2567;A;4,8;9;3,7;1;0;0
Denmark;Socialist Peoples Party;18-06-2015;13230;SF;4,2;7;8,139130435;1;9,2;1
Denmark;The Alternative;05-06-2019;2567;A;3;5;3,7;1;4,8;1
Denmark;Socialist Peoples Party;05-06-2019;13230;SF;7,7;14;8,139130435;1;4,2;1
Denmark;The Alternative;01-11-2022;2567;A;3,3;6;3,7;1;3;1
Denmark;Socialist Peoples Party;01-11-2022;13230;SF;8,3;15;8,139130435;1;7,7;1
Estonia;Estonian Greens;04-03-2007;83110;EER;7,14;6;2,92;1;0;0
Estonia;Estonian Greens;06-03-2011;83110;EER;3,795;0;2,92;0;7,14;1
Estonia;Estonian Greens;01-03-2015;83110;EER;0,9;0;2,92;0;3,795;0
Estonia;Richness of Life;03-03-2019;2721;ELE;1,2;0;1,2;0;0;0
Estonia;Estonian Greens;03-03-2019;83110;EER;1,8;0;2,92;0;0,9;0
Estonia;Estonian Greens;05-03-2023;83110;EER;1;0;2,92;0;1,8;0
Finland;Green Union;21-03-1983;14110;VL;1,411;2;6,984545455;1;0;0
Finland;Green Union;16-03-1987;14110;VL;4,027;4;6,984545455;1;1,411;1
Finland;Green Union;17-03-1991;14110;VL;6,82;10;6,984545455;1;4,027;1
Finland;Ecological Party;19-03-1995;1105;Eko;0,3;1;0,3;1;NA;NA
Finland;Green Union;19-03-1995;14110;VL;6,516;9;6,984545455;1;6,82;1
Finland;Green Union;21-03-1999;14110;VL;7,27;11;6,984545455;1;6,516;1
Finland;Green Union;16-03-2003;14110;VL;8,008;14;6,984545455;1;7,27;1
Finland;Green Union;18-03-2007;14110;VL;8,46;15;6,984545455;1;8,008;1
Finland;Green Union;17-04-2011;14110;VL;7,252;10;6,984545455;1;8,46;1
Finland;Green Union;19-04-2015;14110;VL;8,526;15;6,984545455;1;7,252;1
Finland;Green Union;14-04-2019;14110;VL;11,493;20;6,984545455;1;8,526;1
Finland;Green League;02-04-2023;14110;VIHR;7;13;6,984545455;1;11,493;1
Germany;Alliance 90 / Greens;05-10-1980;41113;B90/Gru;1,5;0;7,720833333;0;0;0
Germany;Alliance 90 / Greens;06-03-1983;41113;B90/Gru;5,6;27;7,720833333;1;1,5;0
Germany;Alliance 90 / Greens;25-01-1987;41113;B90/Gru;8,3;42;7,720833333;1;5,6;1
Germany;Alliance 90 / Greens;02-12-1990;41113;B90/Gru;3,8;0;7,720833333;0;8,3;1
Germany;Alliance‘90/Greens;16-10-1994;41113;90/Greens;7,27;49;7,720833333;1;3,8;0
Germany;Alliance‘90/Greens;27-09-1998;41113;90/Greens;6,696;47;7,720833333;1;7,27;1
Germany;Alliance‘90/Greens;22-09-2002;41113;90/Greens;8,564;55;7,720833333;1;6,696;1
Germany;Alliance‘90/Greens;18-09-2005;41113;90/Greens;8,117;51;7,720833333;1;8,564;1
Germany;Alliance‘90/Greens;27-09-2009;41113;90/Greens;10,706;68;7,720833333;1;8,117;1
Germany;Alliance‘90/Greens;22-09-2013;41113;90/Greens;8,444;63;7,720833333;1;10,706;1
Germany;Alliance‘90/Greens;24-09-2017;41113;90/Greens;8,94;67;7,720833333;1;8,444;1
Germany;Alliance‘90/Greens;26-09-2021;41113;90/Greens;14,8;118;7,720833333;1;8,94;1
Greece;Alternative Ecologists;05-11-1989;2163;OE;0,6;1;0,7;1;0;0
Greece;Ecologist Greens;16-09-2007;1280;OP;1,05;0;2,17;0;0;0
Greece;Ecologist Greens;04-10-2009;1280;OP;2,53;0;2,17;0;1,05;0
Greece;Ecologist Greens;06-05-2012;1280;OP;2,93;0;2,17;0;2,53;0
Ireland;Green Party;24-11-1982;53110;Greens;0,2;0;0;0;0;0
Ireland;Green Party;17-02-1987;53110;Greens;0,4;0;0;0;0,2;0
Ireland;Green Party;15-06-1989;53110;Greens;1,498;1;3,2375;1;0,4;0
Ireland;Green Party;17-05-2002;53110;Greens;3,847;6;3,2375;1;2,757;1
Ireland;Green Party;24-05-2007;53110;Greens;4,692;6;3,2375;1;3,847;1
Ireland;Green Party;25-02-2011;53110;Greens;1,8;0;3,2375;0;4,692;1
Ireland;Green Party;26-02-2016;53110;Greens;2,719;2;3,2375;1;1,8;0
Ireland;Green Party;08-02-2020;53110;Greens;7,13056031;12;3,2375;1;2,719;1
Italy;Green Federation;14-06-1987;32110;FdV;2,514;13;2,5;1;0;0
Italy;Green Federation;06-04-1992;32110;FdV;2,787;16;NA;1;2,514;1
Italy;Green Federation;28-03-1994;32110;FdV;2,701;11;NA;1;2,787;1
Italy;Green Federation;21-04-1996;32110;FdV;2,5;13;2,323333333;1;2,701;1
Italy;Italy Europe Together;04-03-2018;1234;INSIEME;0,6;1;0;0;0;0
Latvia;Latvian Green Party;05-10-2002;1001;LZP;9,47;5;;1;2,3;0
Latvia;Latvian Green Party;07-10-2006;1001;LZP;16,81;4;;1;9,47;1
Latvia;Latvian Green Party;02-10-2010;1001;LZP;19,68;4;;1;16,81;1
Latvia;Latvian Green Party;17-09-2011;1001;LZP;12,22;4;;1;19,68;1
Latvia;Latvian Green Party;04-10-2014;1001;LZP;19,66;4;;1;12,22;1
Latvia;Latvian Green Party;06-10-2018;1001;LZP;9,97;1;;1;19,66;1
Latvia;Latvian Green Party;01-10-2022;1001;LZP;11,01;15;4,83;1;2,29;1
Luxembourg;The Greens;10-06-1979;23113;Greng;1;0;8,563333333;0;NA;NA
Luxembourg;Green Alternative;17-06-1984;23112;GAP;4,2;2;NA;1;NA;NA
Luxembourg;The Greens;17-06-1984;23113;Greng;5,16;2;8,563333333;1;1;0
Luxembourg;Green Left Ecological Initiative;18-06-1989;23111;GLEI;3,7;2;2,655;1;NA;NA
Luxembourg;Green Alternative;18-06-1989;23112;GAP;3,7;2;NA;1;4,2;1
Luxembourg;The Greens;18-06-1989;23113;Greng;4,16;2;8,563333333;1;5,16;1
Luxembourg;Green Left Ecological Initiative - Green Alternative;12-06-1994;23113;GLEI-GAP;9,9;5;8,563333333;1;4,16;1
Luxembourg;Green Left Ecological Initiative;13-06-1999;23111;GLEI;1,09;0;2,655;0;3,7;1
Luxembourg;Green Left Ecological Initiative - Green Alternative;13-06-1999;23113;GLEI-GAP;9,6;5;8,563333333;1;9,9;1
Luxembourg;The Greens;13-06-2004;23113;;11,58;7;8,563333333;1;9,6;1
Luxembourg;The Greens;07-06-2009;23113;;11,704;7;8,563333333;1;11,58;1
Luxembourg;The Greens;20-10-2013;23113;;10,13;6;8,563333333;1;11,704;1
Luxembourg;The Greens;14-10-2018;23113;Greng;14,1;9;8,563333333;1;10,13;1
Netherlands;Radical Political Party;28-04-1971;22310;PPR;1,84;2;2,203333333;1;NA;NA
Netherlands;Radical Political Party;29-11-1972;22310;PPR;4,8;7;2,203333333;1;1,84;1
Netherlands;Radical Political Party;25-05-1977;22310;PPR;1,69;3;2,203333333;1;4,8;1
Netherlands;Radical Political Party;26-05-1981;22310;PPR;1,97;3;2,203333333;1;1,69;1
Netherlands;Radical Political Party;08-09-1982;22310;PPR;1,66;2;2,203333333;1;1,97;1
Netherlands;Radical Political Party;21-05-1986;22310;PPR;1,26;2;2,203333333;1;1,66;1
Netherlands;Green Left;06-09-1989;22110;GL;4,074;6;5,476;1;0;0
Netherlands;Green Left;03-05-1994;22110;GL;3,467;5;5,476;1;4,074;1
Netherlands;Green Left;06-05-1998;22110;GL;7,27;11;5,476;1;3,467;1
Netherlands;Green Left;15-05-2002;22110;GL;6,95;10;5,476;1;7,27;1
Netherlands;Green Left;22-01-2003;22110;GL;5,13;8;5,476;1;6,95;1
Netherlands;Green Left;22-11-2006;22110;GL;4,605;7;5,476;1;5,13;1
Netherlands;Green Left;09-06-2010;22110;GL;6,67;10;5,476;1;4,605;1
Netherlands;Green Left;12-09-2012;22110;GL;2,333;4;5,476;1;6,67;1
Netherlands;Green Left;15-03-2017;22110;GL;9,125;14;5,476;1;2,333;1
Netherlands;Green Left;17-03-2021;22110;GL;5,155095745;8;5,476;1;9,125;1
Norway;Green Party;11-09-1989;12110;MDG;0,4;0;0;0;0;0
Norway;Green Party;13-09-1993;12110;MDG;0,1;0;0;0;0,4;0
Norway;Green Party;16-09-1997;12110;MDG;0,2;0;0;0;0,1;0
Norway;Green Party;12-09-2005;12110;MDG;0,1;0;0;0;0,2;0
Norway;Green Party;14-09-2009;12110;MDG;0,3;0;0;0;0,1;0
Norway;Green Party;09-09-2013;12110;MDG;2,791;1;3,3;1;0,3;0
Norway;Green Party;11-09-2017;12110;MDG;3,239;1;3,3;1;2,791;1
Norway;Green Party;13-09-2021;12110;MDG;3,9;3;3,3;1;3,239;1
Norway;Green Party;10-19-2001;12110;MDG;0,2;0;0;0;0,2;0
Portugal;Ecologist Party ‘The Greens';25-04-1983;35110;PEV;0,42;1;NA;1;0;0
Portugal;Party for Animals and Nature;05-06-2011;35120;PAN;1,08;0;1,91;0;0;0
Portugal;People-Animals-Nature;04-10-2015;35120;PAN;1,443;1;1,91;1;1,08;0
Portugal;Free;04-10-2015;35130;L;0,7;0;;;;
Portugal;People-Animals-Nature;06-10-2019;35120;PAN;3,493;4;1,91;1;1,443;1
Portugal;Free;06-10-2019;35130;L;1,144;1;;1;0,7;0
Portugal;Party for Animals and Nature;30-01-2022;35120;PAN;1,63;1;1,91;1;3,493;1
Romania;Ecological Movement of Romania;20-05-1990;93111;MER;2,618;12;2,425;1;0;0
Romania;Romanian Ecological Party;20-05-1990;93112;PER;1,694;8;1,41;1;NA;NA
Romania;Romanian Ecological Movement;27-09-1992;93111;MER;2,25;0;2,425;0;2,618;1
Romania;Romanian Ecologist Party;06-12-2020;93112;PER;1,12;0;1,41;0;1,694;1
Slovakia;Green Party of Slovakia;09-06-1990;96111;SZ;3,49;6;2,815;1;NA;NA
Slovakia;Green Party -- 1992;06-06-1992;2235;SZ-92;1,08;0;1,08;0;NA;NA
Slovakia;Green Party;06-06-1992;96111;SZS;2,14;0;2,815;0;3,49;1
Slovenia;Civic Green List;12-04-1990;2570;DZL;2;0;2;0;NA;NA
Slovenia;Greens of Slovenia;12-04-1990;97110;ZS;8,8;8;3,25;1;0;0
Slovenia;Greens of Slovenia;06-12-1992;97110;ZS;3,704;5;3,25;1;8,8;1
Slovenia;Greens of Slovenia;10-11-1996;97110;ZS;1,76;0;3,25;0;3,704;1
Slovenia;Greens of Slovenia;15-10-2000;97110;ZS;0,9;0;3,25;0;1,76;0
Slovenia;Youth Party of Slovenia;15-10-2000;97952;SMS;4,34;4;3,21;1;0;0
Slovenia;Greens of Slovenia;03-10-2004;97110;ZS;0,69;0;;0;0,9;0
Slovenia;Greens of Slovenia;21-09-2008;97110;ZS;0,51;0;;0;0,69;0
Slovenia;Greens of Slovenia;04-12-2011;97110;ZS;0,36;0;;0;0,51;0
Slovenia;Greens of Slovenia;13-07-2014;97110;ZS;0,53;0;;0;0,36;0
Slovenia;Greens of Slovenia;03-06-2018;97110;ZS;1,09;0;3,25;0;0,53;0
Slovenia;Vesna -- the Green Party;22-04-2022;2865;VESNA;1,35;0;1,35;0;NA;NA
Spain;Initiative for Catalonia Greens;12-03-2000;2330;ICV;0,52;1;;1;0;0
Spain;Equo;10-11-2019;2804;Equo;1,46;1;;1;0;0
Sweden;Greens;19-09-1982;11110;MP;1,7;0;4,5925;0;0;0
Sweden;Greens;15-09-1985;11110;MP;1,5;0;4,5925;0;1,7;0
Sweden;Green Ecology Party;18-09-1988;11110;MP;5,526;20;4,5925;1;1,5;0
Sweden;Green Ecology Party;15-09-1991;11110;MP;3,383;0;4,5925;0;5,526;1
Sweden;Green Ecology Party;18-09-1994;11110;MP;5,023;18;4,5925;1;3,383;0
Sweden;Greens;20-09-1998;11110;MP;4,49;16;4,5925;1;5,023;1
Sweden;Green Ecology Party;15-09-2002;11110;MP;4,646;17;4,5925;1;4,49;1
Sweden;Green Ecology Party;17-09-2006;11110;MP;5,244;19;4,5925;1;4,646;1
Sweden;Green Ecology Party;19-09-2010;11110;MP;7,34;25;4,5925;1;5,244;1
Sweden;Green Ecology Party;14-09-2014;11110;MP;6,889;25;4,5925;1;7,34;1
Sweden;Green Ecology Party;09-09-2018;11110;MP;4,414;16;4,5925;1;6,889;1
Sweden;Green Ecology Party;11-09-2022;11110;MP;5,082625351;18;4,5925;1;4,414;1
Switzerland;Greens;21-10-1979;43110;;0,6;1;6,292727273;1;0;0
Switzerland;Feminists and Green-Alternative Groups;23-10-1983;569;FGr-ASF;1,01;0;1,047142857;0;NA;NA
Switzerland;Feminists and Green-Alternative Groups;18-10-1987;569;FGr-ASF;2,4;1;1,047142857;1;1,01;0
Switzerland;Green Party of Switzerland;18-10-1987;43110;GPS/PES;4,961;9;6,292727273;1;1,757;1
Switzerland;Feminists and Green-Alternative Groups;20-10-1991;569;FGr-ASF;1,3;1;1,047142857;1;2,4;1
Switzerland;Green Party of Switzerland;20-10-1991;43110;GPS/PES;6,073;14;6,292727273;1;4,961;1
Switzerland;Feminists and Green-Alternative Groups;22-10-1995;569;FGr-ASF;1,5;2;1,047142857;1;1,3;1
Switzerland;Green Party of Switzerland;22-10-1995;43110;GPS/PES;5,069;8;6,292727273;1;6,073;1
Switzerland;Feminists and Green-Alternative Groups;24-10-1999;569;FGr-ASF;0,3;1;1,047142857;1;1,5;1
Switzerland;Green Party of Switzerland;24-10-1999;43110;GPS/PES;4,97;9;6,292727273;1;5,069;1
Switzerland;Feminists and Green-Alternative Groups;19-10-2003;569;FGr-ASF;0,5;1;1,047142857;1;0,3;1
Switzerland;Green Party of Switzerland;19-10-2003;43110;GPS/PES;7,321;13;6,292727273;1;4,97;1
Switzerland;Green Party of Switzerland;21-10-2007;43110;GPS/PES;9,586;20;6,292727273;1;7,321;1
Switzerland;Green Liberal Party;21-10-2007;43120;GLP;1,427;3;4,8025;1;NA;NA
Switzerland;Green Party of Switzerland;23-10-2011;43110;GPS/PES;8,433;15;6,292727273;1;9,586;1
Switzerland;Green Liberal Party;23-10-2011;43120;GLP;5,381;12;4,8025;1;1,427;1
Switzerland;Green Party of Switzerland;18-10-2015;43110;GPS/PES;7,057;11;6,292727273;1;8,433;1
Switzerland;Green Liberal Party;18-10-2015;43120;GLP;4,626;7;4,8025;1;5,381;1
Switzerland;Feminists and Green-Alternative Groups;20-10-2019;569;FGr-ASF;0,32;0;1,047142857;0;0,5;1
Switzerland;Green Party of Switzerland;20-10-2019;43110;GPS/PES;13,2;28;6,292727273;1;7,057;1
Switzerland;Green Liberal Party;20-10-2019;43120;GLP;7,803;16;4,8025;1;4,626;1
