country;countryname;edate;date;threshold;threshold_lagged;Distrikter;Antal_pladser
42;Austria;05-10-1975;197510;1,171875;1,171875;9;183
42;Austria;06-05-1979;197905;1,171875;1,171875;9;183
42;Austria;24-04-1983;198304;1,171875;1,171875;9;183
42;Austria;23-11-1986;198611;1,171875;1,171875;9;183
42;Austria;07-10-1990;199010;1,171875;1,171875;9;183
42;Austria;09-10-1994;199410;4;1,171875;9;183
42;Austria;17-12-1995;199512;4;4;9;183
42;Austria;03-10-1999;199910;4;4;9;183
42;Austria;24-11-2002;200211;4;4;9;183
42;Austria;01-10-2006;200610;4;4;9;183
42;Austria;28-09-2008;200809;4;4;9;183
42;Austria;29-09-2013;201309;4;4;9;183
42;Austria;15-10-2017;201710;4;4;9;183
42;Austria;29-09-2019;201909;4;4;9;183
80;Bulgaria;18-12-1994;199412;4;4;;
80;Bulgaria;19-04-1997;199704;4;4;;
80;Bulgaria;18-06-2001;200106;4;4;;
80;Bulgaria;25-06-2005;200506;4;4;;
80;Bulgaria;05-07-2009;200907;4;4;;
80;Bulgaria;12-05-2013;201305;4;4;;
80;Bulgaria;05-10-2014;201410;4;4;;
80;Bulgaria;26-03-2017;201703;4;4;;
81;Croatia;03-01-2000;200001;1,58113883;1,58113883;10;140
81;Croatia;23-11-2003;200311;1,58113883;1,58113883;10;140
81;Croatia;25-11-2007;200711;1,58113883;1,58113883;10;140
81;Croatia;04-12-2011;201112;1,58113883;1,58113883;10;140
81;Croatia;11-09-2016;201609;1,58113883;1,58113883;10;140
81;Croatia;05-07-2020;202007;1,58113883;1,58113883;10;140
82;Czech Republic;19-06-1998;199806;5;5;;
82;Czech Republic;14-06-2002;200206;5;5;;
82;Czech Republic;03-06-2006;200606;5;5;;
82;Czech Republic;29-05-2010;201005;5;5;;
82;Czech Republic;26-10-2013;201310;5;5;;
82;Czech Republic;21-10-2017;201710;5;5;;
13;Denmark;09-01-1975;197501;2,034427118;;17;135
13;Denmark;15-02-1977;197702;2,034427118;2,034427118;17;135
13;Denmark;23-10-1979;197910;2,034427118;2,034427118;17;135
13;Denmark;08-12-1981;198112;2,034427118;2,034427118;17;135
13;Denmark;10-01-1984;198401;2,034427118;2,034427118;17;135
13;Denmark;08-09-1987;198709;2,034427118;2,034427118;17;135
13;Denmark;10-05-1988;198805;2,034427118;2,034427118;17;135
13;Denmark;12-12-1990;199012;2,034427118;2,034427118;17;135
13;Denmark;21-09-1994;199409;2,034427118;2,034427118;17;135
13;Denmark;11-03-1998;199803;2,034427118;2,034427118;17;135
13;Denmark;20-11-2001;200111;2,034427118;2,034427118;17;135
13;Denmark;08-02-2005;200502;2,034427118;2,034427118;17;135
13;Denmark;13-11-2007;200711;1,635660859;2,034427118;10;135
13;Denmark;15-09-2011;201109;1,635660859;1,635660859;10;135
13;Denmark;18-06-2015;201506;1,635660859;1,635660859;10;135
13;Denmark;05-06-2019;201906;1,635660859;1,635660859;10;135
83;Estonia;07-03-1999;199903;5;5;;
83;Estonia;02-03-2003;200303;5;5;;
83;Estonia;04-03-2007;200703;5;5;;
83;Estonia;06-03-2011;201103;5;5;;
83;Estonia;01-03-2015;201503;5;5;;
83;Estonia;03-03-2019;201903;5;5;;
14;Finland;22-09-1975;197509;1,351040702;1,351040702;15;200
14;Finland;13-03-1979;197903;1,351040702;1,351040702;15;200
14;Finland;21-03-1983;198303;1,351040702;1,351040702;15;200
14;Finland;16-03-1987;198703;1,351040702;1,351040702;15;200
14;Finland;22-09-1975;197509;1,351040702;1,351040702;15;200
14;Finland;13-03-1979;197903;1,351040702;1,351040702;15;200
14;Finland;21-03-1983;198303;1,351040702;1,351040702;15;200
14;Finland;16-03-1987;198703;1,351040702;1,351040702;15;200
14;Finland;17-03-1991;199103;1,351040702;1,351040702;15;200
14;Finland;19-03-1995;199503;1,351040702;1,351040702;15;200
14;Finland;21-03-1999;199903;1,351040702;1,351040702;15;200
14;Finland;16-03-2003;200303;1,351040702;1,351040702;15;200
14;Finland;18-03-2007;200703;1,351040702;1,351040702;15;200
14;Finland;17-04-2011;201104;1,351040702;1,351040702;15;200
14;Finland;19-04-2015;201504;1,351040702;1,351040702;15;200
14;Finland;14-04-2019;201904;1,351040702;1,351040702;15;200
41;Germany;03-10-1976;197610;5;5;;
41;Germany;05-10-1980;198010;5;5;;
41;Germany;06-03-1983;198303;5;5;;
41;Germany;25-01-1987;198701;5;5;;
41;Germany;02-12-1990;199012;5;5;;
41;Germany;16-10-1994;199410;5;5;;
41;Germany;27-09-1998;199809;5;5;;
41;Germany;22-09-2002;200209;5;5;;
41;Germany;18-09-2005;200509;5;5;;
41;Germany;27-09-2009;200909;5;5;;
41;Germany;22-09-2013;201309;5;5;;
41;Germany;24-09-2017;201709;5;5;;
41;Germany;26-09-2021;202109;5;5;;
34;Greece;17-11-1974;197411;1,576541034;1,576541034;56;300
34;Greece;20-11-1977;197711;1,576541034;1,576541034;56;300
34;Greece;18-10-1981;198110;1,576541034;1,576541034;56;300
34;Greece;02-06-1985;198506;1,576541034;1,576541034;56;300
34;Greece;18-06-1989;198906;1,576541034;1,576541034;56;300
34;Greece;05-11-1989;198911;1,576541034;1,576541034;56;300
34;Greece;08-04-1990;199004;1,576541034;1,576541034;56;300
34;Greece;10-10-1993;199310;3;1,576541034;56;300
34;Greece;22-09-1996;199609;3;3;;
34;Greece;09-04-2000;200004;3;3;;
34;Greece;07-03-2004;200403;3;3;;
34;Greece;16-09-2007;200709;3;3;;
34;Greece;04-10-2009;200910;3;3;;
34;Greece;06-05-2012;201205;3;3;;
34;Greece;17-06-2012;201206;3;3;;
34;Greece;25-01-2015;201501;3;3;;
34;Greece;20-09-2015;201509;3;3;;
34;Greece;07-07-2019;201907;3;3;;
53;Ireland;16-06-1977;197706;2,55;;42;148
53;Ireland;11-06-1981;198106;2,31997255;2,55;41;166
53;Ireland;18-02-1982;198202;2,31997255;2,31997255;41;166
53;Ireland;24-11-1982;198211;2,31997255;2,31997255;41;166
53;Ireland;17-02-1987;198702;2,31997255;2,31997255;41;166
53;Ireland;15-06-1989;198906;2,31997255;2,31997255;41;166
53;Ireland;25-11-1992;199211;2,31997255;2,31997255;41;166
53;Ireland;06-06-1997;199706;2,31997255;2,31997255;41;166
53;Ireland;17-05-2002;200205;2,33680554;2,31;42;166
53;Ireland;24-05-2007;200705;2,353147796;2,33;43;166
53;Ireland;25-02-2011;201102;2,353147796;2,353147796;43;166
53;Ireland;26-02-2016;201602;2,353147796;2,353147796;43;166
53;Ireland;08-02-2020;202002;2,353147796;2,353147796;43;166
32;Italy;20-06-1976;197606;0,640882279;0,640882279;32;630
32;Italy;03-06-1979;197906;0,640882279;0,640882279;32;630
32;Italy;26-06-1983;198306;0,640882279;0,640882279;32;630
32;Italy;14-06-1987;198706;0,640882279;0,640882279;32;630
32;Italy;06-04-1992;199204;0,640882279;0,640882279;32;630
32;Italy;13-04-2008;200804;4;4;;
32;Italy;24-02-2013;201302;4;4;;
32;Italy;04-03-2018;201803;4;4;;
87;Latvia;05-10-2002;200210;5;5;;
87;Latvia;07-10-2006;200610;5;5;;
87;Latvia;17-09-2011;201109;5;5;;
87;Latvia;06-10-2018;201810;5;5;;
23;Luxembourg;10-06-1979;197906;2,95;2,95;;
23;Luxembourg;17-06-1984;198406;2,95;2,95;;
23;Luxembourg;18-06-1989;198906;2,95;2,95;;
23;Luxembourg;12-06-1994;199406;2,95;2,95;;
23;Luxembourg;13-06-1999;199906;2,95;2,95;;
23;Luxembourg;13-06-2004;200406;2,95;2,95;;
23;Luxembourg;07-06-2009;200906;2,95;2,95;;
23;Luxembourg;20-10-2013;201310;2,95;2,95;;
22;Netherlands;25-05-1977;197705;0,67;0,67;;
22;Netherlands;26-05-1981;198105;0,67;0,67;;
22;Netherlands;08-09-1982;198209;0,67;0,67;;
22;Netherlands;21-05-1986;198605;0,67;0,67;;
22;Netherlands;06-09-1989;198909;0,67;0,67;;
22;Netherlands;03-05-1994;199405;0,67;0,67;;
22;Netherlands;06-05-1998;199805;0,67;0,67;;
22;Netherlands;15-05-2002;200205;0,67;0,67;;
22;Netherlands;22-01-2003;200301;0,67;0,67;;
22;Netherlands;22-11-2006;200611;0,67;0,67;;
22;Netherlands;09-06-2010;201006;0,67;0,67;;
22;Netherlands;12-09-2012;201209;0,67;0,67;;
22;Netherlands;15-03-2017;201703;0,67;0,67;;
22;Netherlands;17-03-2021;202103;0,67;0,67;;
12;Norway;11-09-1977;197709;1,878835752;1,878835752;19;155
12;Norway;14-09-1981;198109;1,878835752;1,878835752;19;155
12;Norway;08-09-1985;198509;1,857485345;1,87;19;157
12;Norway;11-09-1989;198909;1,857485345;1,857485345;19;157
12;Norway;13-09-1993;199309;1,857485345;1,857485345;19;157
12;Norway;16-09-1997;199709;1,857485345;1,857485345;19;157
12;Norway;10-09-2001;200109;1,857485345;1,857485345;19;157
12;Norway;12-09-2005;200509;1,934422608;1,85;19;150
12;Norway;14-09-2009;200909;1,934422608;1,934422608;19;150
12;Norway;09-09-2013;201309;1,934422608;1,934422608;19;150
12;Norway;11-09-2017;201709;1,934422608;1,934422608;19;150
92;Poland;21-09-1997;199709;5;5;;
92;Poland;23-09-2001;200109;5;5;;
92;Poland;25-09-2005;200509;5;5;;
92;Poland;21-10-2007;200710;5;5;;
92;Poland;09-10-2011;201110;5;5;;
92;Poland;25-10-2015;201510;5;5;;
92;Poland;13-10-2019;201910;5;5;;
35;Portugal;25-04-1975;197504;1,260940589;1,260940589;20;246
35;Portugal;25-04-1976;197604;1,202187085;1,26;20;259
35;Portugal;02-12-1979;197912;1,260940589;1,2;20;246
35;Portugal;05-10-1980;198010;1,260940589;1,260940589;20;246
35;Portugal;25-04-1983;198304;1,260940589;1,260940589;20;246
35;Portugal;06-10-1985;198510;1,260940589;1,260940589;20;246
35;Portugal;19-07-1987;198707;1,260940589;1,260940589;20;246
35;Portugal;06-10-1991;199110;1,363456084;1,26;20;226
35;Portugal;01-10-1995;199510;1,363456084;1,363456084;20;226
35;Portugal;10-10-1999;199910;1,363456084;1,363456084;20;226
35;Portugal;17-03-2002;200203;1,363456084;1,363456084;20;226
35;Portugal;20-02-2005;200502;1,363456084;1,363456084;20;226
35;Portugal;27-09-2009;200909;1,363456084;1,363456084;20;226
35;Portugal;05-06-2011;201106;1,363456084;1,363456084;20;226
35;Portugal;04-10-2015;201510;1,363456084;1,363456084;20;226
35;Portugal;06-10-2019;201910;1,363456084;1,363456084;20;226
93;Romania;26-11-2000;200011;5;5;;
93;Romania;28-11-2004;200411;5;5;;
93;Romania;30-11-2008;200811;5;5;;
93;Romania;09-12-2012;201212;5;5;;
93;Romania;11-12-2016;201612;5;5;;
96;Slovakia;26-09-1998;199809;5;5;;
96;Slovakia;20-09-2002;200209;5;5;;
96;Slovakia;17-06-2006;200606;5;5;;
96;Slovakia;12-06-2010;201006;5;5;;
96;Slovakia;10-03-2012;201203;5;5;;
96;Slovakia;05-03-2016;201603;5;5;;
97;Slovenia;15-10-2000;200010;4;4;;
97;Slovenia;03-10-2004;200410;4;4;;
97;Slovenia;21-09-2008;200809;4;4;;
97;Slovenia;04-12-2011;201112;4;4;;
97;Slovenia;13-07-2014;201407;4;4;;
97;Slovenia;03-06-2018;201806;4;4;;
33;Spain;15-06-1977;197706;1,345354954;1,345354954;52;350
33;Spain;01-03-1979;197903;1,345354954;1,345354954;52;350
33;Spain;28-10-1982;198210;1,345354954;1,345354954;52;350
33;Spain;22-06-1986;198606;1,345354954;1,345354954;52;350
33;Spain;29-10-1989;198910;1,345354954;1,345354954;52;350
33;Spain;06-06-1993;199306;1,345354954;1,345354954;52;350
33;Spain;03-03-1996;199603;1,345354954;1,345354954;52;350
33;Spain;12-03-2000;200003;1,345354954;1,345354954;52;350
33;Spain;14-03-2004;200403;1,345354954;1,345354954;52;350
33;Spain;09-03-2008;200803;1,345354954;1,345354954;52;350
33;Spain;20-11-2011;201111;1,345354954;1,345354954;52;350
33;Spain;20-12-2015;201512;1,345354954;1,345354954;52;350
33;Spain;26-06-2016;201606;1,345354954;1,345354954;52;350
33;Spain;28-04-2019;201904;1,345354954;1,345354954;52;350
33;Spain;10-11-2019;201911;1,345354954;1,345354954;52;350
11;Sweden;20-09-1970;197009;4;4;;
11;Sweden;16-09-1973;197309;4;4;;
11;Sweden;19-09-1976;197609;4;4;;
11;Sweden;16-09-1979;197909;4;4;;
11;Sweden;19-09-1982;198209;4;4;;
11;Sweden;15-09-1985;198509;4;4;;
11;Sweden;18-09-1988;198809;4;4;;
11;Sweden;15-09-1991;199109;4;4;;
11;Sweden;18-09-1994;199409;4;4;;
11;Sweden;21-09-1998;199809;4;4;;
11;Sweden;15-09-2002;200209;4;4;;
11;Sweden;17-09-2006;200609;4;4;;
11;Sweden;19-09-2010;201009;4;4;;
11;Sweden;14-09-2014;201409;4;4;;
11;Sweden;09-09-2018;201809;4;4;;
11;Sweden;11-09-2022;202209;4;4;;
43;Switzerland;26-10-1975;197510;1,666666667;1,666666667;25;200
43;Switzerland;21-10-1979;197910;1,666666667;1,666666667;25;200
43;Switzerland;23-10-1983;198310;1,692152493;1,66;26;200
43;Switzerland;18-10-1987;198710;1,692152493;1,692152493;26;200
43;Switzerland;20-10-1991;199110;1,692152493;1,692152493;26;200
43;Switzerland;22-10-1995;199510;1,692152493;1,692152493;26;200
43;Switzerland;24-10-1999;199910;1,692152493;1,692152493;26;200
43;Switzerland;19-10-2003;200310;1,692152493;1,692152493;26;200
43;Switzerland;21-10-2007;200710;1,692152493;1,692152493;26;200
43;Switzerland;23-10-2011;201110;1,692152493;1,692152493;26;200
43;Switzerland;18-10-2015;201510;1,692152493;1,692152493;26;200
43;Switzerland;20-10-2019;201910;1,692152493;1,692152493;26;200
